preset_id,major,minor,split,gen
rcp_0001f94f36ca4af3,撞色暖调,撞色暖调_06,train,0
rcp_00049c22dbcc8100,暖调复古,暖调复古_01,train,0
rcp_000ab516cea38d2d,暖调品红,暖调品红_01,train,0
rcp_00131211560b70a0,高亮暖调,高亮暖调_02,train,0
rcp_001ccbb889a83b48,胶片复古,胶片复古_04,train,0
rcp_0037caf13026e7bd,暖调高亮,暖调高亮_00,train,0
rcp_00481c76fe68bf96,青橙胶片,青橙胶片_00,train,0
rcp_004bfeaa41b883aa,青橙胶片,青橙胶片_00,train,0
rcp_00654f9ed41b5af9,青绿胶片,青绿胶片_01,train,0
rcp_006f3ff28b0666d0,青橙胶片,青橙胶片_00,train,0
rcp_007cada749ef839a,压暗胶片,压暗胶片_02,train,0
rcp_007d9c9371df91e4,复古胶片,复古胶片_03,train,0
rcp_008509b72201116d,暖调胶片,暖调胶片_05,train,0
rcp_00a161462de0e02f,黑白全色相,黑白全色相_00,train,0
rcp_00ac3c3d45c8b120,青橙胶片,青橙胶片_00,train,0
rcp_00bdb2d3f7a368be,撞色暖调,撞色暖调_06,train,0
rcp_00c0860416c4cab8,复古暖调,复古暖调_00,train,0
rcp_00c592344da8db14,高亮清透,高亮清透_01,train,0
rcp_00d632f634b6b5f4,复古胶片,复古胶片_03,train,0
rcp_00da1d2aafd96b46,低饱和复古,低饱和复古_03,train,0
rcp_00f725acb5359353,高亮清透,高亮清透_01,train,0
rcp_01063745abac3831,胶片复古,胶片复古_04,train,0
rcp_0107eab55151223d,暖调复古,暖调复古_00,train,0
rcp_015c910fb65b41df,暖调复古,暖调复古_01,train,0
rcp_0163527c7e942045,高亮复古,高亮复古_06,train,0
rcp_0176945131c93841,青橙胶片,青橙胶片_01,train,0
rcp_018df64cdf6a14c6,胶片复古,胶片复古_04,train,0
rcp_01915eabad6dd492,高亮青橙,高亮青橙_07,train,0
rcp_01a747794841fe12,青橙复古,青橙复古_02,train,0
rcp_01bc82ec8c7cf3cc,青橙低饱和,青橙低饱和_06,train,0
rcp_01c9f3f55411da9d,复古胶片,复古胶片_03,train,0
rcp_01d037fde31438a5,青橙胶片,青橙胶片_01,train,0
rcp_01fc3f2e7cfdbd8a,胶片青橙,胶片青橙_04,train,0
rcp_0201d5e81b561379,低饱和复古,低饱和复古_03,train,0
rcp_020b0bfe70d67aa3,暖调胶片,暖调胶片_05,train,0
rcp_020c3717137c915b,青橙复古,青橙复古_07,train,0
rcp_021195648aec3320,压暗胶片,压暗胶片_02,train,0
rcp_021c5d0ea21f1642,黑白全色相,黑白全色相_01,train,0
rcp_02285b6de42b30d1,暖调复古,暖调复古_01,train,0
rcp_022fe3a0198ec322,低饱和复古,低饱和复古_03,train,0
rcp_0230223710387057,青绿高亮,青绿高亮_02,train,0
rcp_0234f98070b38b26,冷调复古,冷调复古_03,train,0
rcp_0236dd6b620ec1ff,高亮青橙,高亮青橙_07,train,0
rcp_023b0747dcf3dcdc,撞色暖调,撞色暖调_06,train,0
rcp_02b4d4d2648b0ace,高亮清透,高亮清透_01,train,0
rcp_02b926d20f1d5497,青橙胶片,青橙胶片_00,train,0
rcp_02be1175eab93d07,青橙胶片,青橙胶片_01,train,0
rcp_02c1255ed43b5162,胶片复古,胶片复古_04,train,0
rcp_02c9cbc5a0d61682,青橙胶片,青橙胶片_01,train,0
rcp_02e78e9ae9896e1b,暖调胶片,暖调胶片_05,train,0
rcp_03086e85ac69468d,暖调品红,暖调品红_06,train,0
rcp_032c8fb7ed480577,暖调复古,暖调复古_04,train,0
rcp_034446fbc32d1e1c,胶片复古,胶片复古_04,train,0
rcp_036c484fec38b981,胶片复古,胶片复古_04,train,0
rcp_0383380ff8c84f13,青橙复古,青橙复古_05,train,0
rcp_039ad0426f21144a,胶片复古,胶片复古_00,train,0
rcp_03adbd8a9e809650,青橙胶片,青橙胶片_01,train,0
rcp_03bb98d553faf430,胶片复古,胶片复古_00,train,0
rcp_03bbcc33e06847a9,高饱和暖调,高饱和暖调_00,train,0
rcp_03beb27163c10d02,青橙胶片,青橙胶片_01,train,0
rcp_03d5e0b9baf317cc,压暗胶片,压暗胶片_02,train,0
rcp_03d6602b83161d9d,青橙暗调,青橙暗调_02,train,0
rcp_03df4bcb6bc2ac68,胶片青橙,胶片青橙_04,train,0
rcp_03e21b8fa76ecc82,高亮暖调,高亮暖调_07,train,0
rcp_03fe9c542211218e,黑白全色相,黑白全色相_00,train,0
rcp_0434d92a5f3b78e4,青橙暗调,青橙暗调_08,train,0
rcp_043b9f2dc84b97ba,低饱和冷调,低饱和冷调_01,train,0
rcp_045a31befb839a89,青橙复古,青橙复古_02,train,0
rcp_045e5d8c324c5433,青橙复古,青橙复古_02,train,0
rcp_045f46b7da68601e,高亮暖调,高亮暖调_09,train,0
rcp_047208d29526e491,青绿胶片,青绿胶片_01,train,0
rcp_048a939372dfe934,青绿胶片,青绿胶片_01,train,0
rcp_048c796db48d4f1c,品红复古,品红复古_02,train,0
rcp_04a4b8edd4a9d5df,品红复古,品红复古_02,train,0
rcp_04ad4fe7fa82b92d,品红复古,品红复古_02,train,0
rcp_04b2d7cefcfd9e93,青橙胶片,青橙胶片_00,train,0
rcp_04d3690c149600fa,暖调胶片,暖调胶片_05,train,0
rcp_0529574c3a16ff51,青橙胶片,青橙胶片_00,train,0
rcp_052d84021e28ff29,青橙胶片,青橙胶片_01,train,0
rcp_054f14ee8be0cbc6,胶片青橙,胶片青橙_04,train,0
rcp_055258e57bd12c7d,高亮冷调,高亮冷调_01,train,0
rcp_056836b703ec8393,黑白全色相,黑白全色相_00,train,0
rcp_0583e20688e0a10c,青橙暗调,青橙暗调_00,train,0
rcp_058bbeb12a8ebb20,复古暖调,复古暖调_03,train,0
rcp_059bfb4577247996,高亮复古,高亮复古_06,train,0
rcp_05a9f1c6b28b9d37,品红复古,品红复古_02,train,0
rcp_05c9959ad47e3ca1,胶片青绿,胶片青绿_00,train,0
rcp_05f4be49c2336edb,胶片复古,胶片复古_04,train,0
rcp_05fff78371b1e417,青橙胶片,青橙胶片_01,train,0
rcp_06140a35266d99e9,全色相黑白,全色相黑白_03,train,0
rcp_063b82eb0dc596b6,胶片复古,胶片复古_04,train,0
rcp_0660f2dbb12d6661,胶片复古,胶片复古_00,train,0
rcp_06874a710b8ff5f5,青橙胶片,青橙胶片_00,train,0
rcp_06bf7143f38e2ffd,高饱和暖调,高饱和暖调_00,train,0
rcp_06cdb79beafd5e8b,压暗胶片,压暗胶片_02,train,0
rcp_06ea986e90ee2782,青橙胶片,青橙胶片_01,train,0
rcp_06fa732bf04d5bd2,青绿高亮,青绿高亮_02,train,0
rcp_0705c2142a6af613,青橙胶片,青橙胶片_01,train,0
rcp_073bb0b6159593f0,低饱和复古,低饱和复古_03,train,0
rcp_0746c88a19784e71,高饱和暖调,高饱和暖调_00,train,0
rcp_074d609cd565c313,复古暖调,复古暖调_08,train,0
rcp_0751e412930a7a82,低饱和复古,低饱和复古_03,train,0
rcp_075beb1096f7ae71,低饱和复古,低饱和复古_03,train,0
rcp_0769a5c1fdea18c0,暖调复古,暖调复古_00,train,0
rcp_0769b9ab4b4488d1,压暗胶片,压暗胶片_02,train,0
rcp_07719607f72e6008,冷调高亮,冷调高亮_04,train,0
rcp_07721c058b4c584a,复古暖调,复古暖调_00,train,0
rcp_077467010642030e,青橙复古,青橙复古_02,train,0
rcp_07776b3197648401,高亮暖调,高亮暖调_02,train,0
rcp_0779897db2e04f11,青橙复古,青橙复古_05,train,0
rcp_0784d6472bb1a1ed,青橙胶片,青橙胶片_01,train,0
rcp_07a7812fc2b87f0b,复古暖调,复古暖调_03,train,0
rcp_07c2da959403b25d,复古暖调,复古暖调_11,train,0
rcp_07c34ac5079d21da,青橙高亮,青橙高亮_08,train,0
rcp_07d3412ac0b7af69,胶片复古,胶片复古_04,train,0
rcp_07f7031090b68ffa,品红复古,品红复古_02,train,0
rcp_080a6ffbbfb2c5df,低饱和复古,低饱和复古_03,train,0
rcp_081888d7418a00e8,高饱和冷调,高饱和冷调_04,train,0
rcp_083187d9de43ec9d,暖调胶片,暖调胶片_05,train,0
rcp_083d15eb43f2b27f,冷调青绿,冷调青绿_00,train,0
rcp_083dc4d6d7bf4710,冷调青绿,冷调青绿_00,train,0
rcp_086c6c23dfa1f75c,青橙胶片,青橙胶片_00,train,0
rcp_086da284ff26a009,高饱和暖调,高饱和暖调_00,train,0
rcp_08a7b2c5b85a2a8d,高亮冷调,高亮冷调_01,train,0
rcp_08a7f78dafebac0a,高亮暖调,高亮暖调_02,train,0
rcp_08c5ce01b13e73aa,复古胶片,复古胶片_03,train,0
rcp_091c0cb3d0ae2212,胶片青橙,胶片青橙_04,train,0
rcp_092bb31d70c388fa,胶片复古,胶片复古_04,train,0
rcp_0947a3c221572038,青橙胶片,青橙胶片_03,train,0
rcp_094a5871028930e0,暖调高亮,暖调高亮_01,train,0
rcp_0954f1ef1aad1441,青橙胶片,青橙胶片_01,train,0
rcp_0960f78d058338db,复古青橙,复古青橙_03,train,0
rcp_0962d403ee2d2476,暖调品红,暖调品红_01,train,0
rcp_09688558557bd90c,撞色暖调,撞色暖调_06,train,0
rcp_096de72d84f147c3,胶片青绿,胶片青绿_00,train,0
rcp_09804e6a01b5cbdc,青橙胶片,青橙胶片_00,train,0
rcp_0981b8a5b7ecc5a7,青橙胶片,青橙胶片_05,train,0
rcp_098303206f9c1085,青橙胶片,青橙胶片_01,train,0
rcp_098f0e18d7a05816,压暗胶片,压暗胶片_02,train,0
rcp_0995a119c1996427,胶片青绿,胶片青绿_00,train,0
rcp_099e1ac5ff86011e,高亮暖调,高亮暖调_02,train,0
rcp_09a8587e1de3a268,青橙复古,青橙复古_07,train,0
rcp_09ab2af98e4a7aea,胶片复古,胶片复古_04,train,0
rcp_09b6ad00432b3579,青橙胶片,青橙胶片_00,train,0
rcp_09c96415203af7f1,青橙胶片,青橙胶片_00,train,0
rcp_09d35932a02f89af,高亮暖调,高亮暖调_02,train,0
rcp_09ea4e218805b53e,高亮清透,高亮清透_01,train,0
rcp_0a0148734b419cce,青橙胶片,青橙胶片_01,train,0
rcp_0a04c21bebf8c628,青橙胶片,青橙胶片_01,train,0
rcp_0a1fe04e1914b367,青橙胶片,青橙胶片_00,train,0
rcp_0a6ca54643169a94,暖调高亮,暖调高亮_04,train,0
rcp_0a7d0e706759e811,压暗胶片,压暗胶片_02,train,0
rcp_0a91f9a4d452dd21,青橙复古,青橙复古_02,train,0
rcp_0aaf3cc7ab9f9909,高亮青绿,高亮青绿_04,train,0
rcp_0ad59be4495aa8dd,冷调高亮,冷调高亮_04,train,0
rcp_0ae73f9286a4dea7,暖调品红,暖调品红_06,train,0
rcp_0b008a7fae22db43,高饱和暖调,高饱和暖调_00,train,0
rcp_0b168b909bc8537d,高亮复古,高亮复古_05,train,0
rcp_0b1c8ca1b99ad14a,高亮暖调,高亮暖调_02,train,0
rcp_0b31b76c4288a332,高饱和暖调,高饱和暖调_00,train,0
rcp_0b320c8de499ae53,复古暖调,复古暖调_00,train,0
rcp_0b38bb68f65550dc,暖调复古,暖调复古_02,train,0
rcp_0b773c97d4c88aac,青橙复古,青橙复古_05,train,0
rcp_0b7edf8d5e691601,暖调高亮,暖调高亮_01,train,0
rcp_0b8114c7f2897a0e,低饱和复古,低饱和复古_03,train,0
rcp_0b8166eb77a2617e,胶片青橙,胶片青橙_04,train,0
rcp_0ba11efad7e1af0e,暖调高亮,暖调高亮_01,train,0
rcp_0bb3bf0f2fedde15,压暗胶片,压暗胶片_02,train,0
rcp_0bb460424a7c02bc,青橙胶片,青橙胶片_00,train,0
rcp_0bf33036920f3780,高饱和暖调,高饱和暖调_00,train,0
rcp_0c2a06c9984567b7,复古暖调,复古暖调_03,train,0
rcp_0c31840474eea23a,高亮冷调,高亮冷调_04,train,0
rcp_0c58677949b936e6,青橙复古,青橙复古_02,train,0
rcp_0c5d75a0e621fc08,青橙胶片,青橙胶片_00,train,0
rcp_0c61f999c0382002,胶片青橙,胶片青橙_04,train,0
rcp_0c6ffcdaa4027bfc,暖调复古,暖调复古_01,train,0
rcp_0cae2c8d80a39f40,暖调复古,暖调复古_04,train,0
rcp_0cb2373184390df3,青橙胶片,青橙胶片_00,train,0
rcp_0cb88193168c1f86,暖调胶片,暖调胶片_05,train,0
rcp_0cc21546de1a9d46,低饱和复古,低饱和复古_03,train,0
rcp_0cd4b4f2ff179e5c,暖调高亮,暖调高亮_04,train,0
rcp_0ce0bc158e521453,暖调胶片,暖调胶片_05,train,0
rcp_0ce62cc98f1c24b6,压暗胶片,压暗胶片_02,train,0
rcp_0cf127dacc667146,青橙复古,青橙复古_02,train,0
rcp_0d0dfe3813b537e8,胶片复古,胶片复古_00,train,0
rcp_0d1252728ded3a81,低饱和复古,低饱和复古_03,train,0
rcp_0d15edb1621ddc56,暖调复古,暖调复古_01,train,0
rcp_0d31f8c14a7d7860,低饱和复古,低饱和复古_03,train,0
rcp_0d5a2cc0adb36a30,青橙胶片,青橙胶片_00,train,0
rcp_0d5cd146e3c22fbf,胶片青橙,胶片青橙_04,train,0
rcp_0d5d97edf92adef6,高饱和暖调,高饱和暖调_00,train,0
rcp_0d684e9416b890ea,高亮清透,高亮清透_01,train,0
rcp_0d6adf4cbeb073b8,胶片青绿,胶片青绿_00,train,0
rcp_0d8fbd5c6cf8428c,压暗胶片,压暗胶片_02,train,0
rcp_0d99704cbd13478a,暖调复古,暖调复古_01,train,0
rcp_0db36d21628daea4,压暗胶片,压暗胶片_02,train,0
rcp_0dea50a3cfa0344f,暖调高亮,暖调高亮_00,train,0
rcp_0dec3f9069573bcb,青绿胶片,青绿胶片_01,train,0
rcp_0dfff2a22f082ad4,青橙胶片,青橙胶片_00,train,0
rcp_0e085593f737818b,冷调高亮,冷调高亮_04,train,0
rcp_0e1836708d01d633,青橙胶片,青橙胶片_00,train,0
rcp_0e2088ff62d70491,青橙胶片,青橙胶片_00,train,0
rcp_0e534ae2c4af8895,压暗胶片,压暗胶片_02,train,0
rcp_0e5f96feb1239777,撞色暖调,撞色暖调_06,train,0
rcp_0e613ddc30dddb0f,高饱和暖调,高饱和暖调_00,train,0
rcp_0e6e4a79177ced2c,高亮复古,高亮复古_05,train,0
rcp_0e741be445bdbe34,暖调复古,暖调复古_01,train,0
rcp_0e75619ea2ddbcea,压暗胶片,压暗胶片_02,train,0
rcp_0e7cf08de1e1a07d,暖调低饱和,暖调低饱和_08,train,0
rcp_0e9f3efbad94ab44,青橙胶片,青橙胶片_00,train,0
rcp_0ea2c814620307d5,低饱和复古,低饱和复古_03,train,0
rcp_0ebdc379c52ba145,低饱和复古,低饱和复古_03,train,0
rcp_0ec0a89a0ffa8203,复古暖调,复古暖调_03,train,0
rcp_0ed5a7b16bf85d49,青橙胶片,青橙胶片_01,train,0
rcp_0f070907e85ec271,低饱和复古,低饱和复古_03,train,0
rcp_0f536edd150d0376,高饱和暖调,高饱和暖调_00,train,0
rcp_0f76c4886e7d9b39,胶片青橙,胶片青橙_04,train,0
rcp_0f7eeda05ba047d4,高亮暖调,高亮暖调_02,train,0
rcp_0f84fa95cddd7139,黑白去色,黑白去色_02,train,0
rcp_0f9295821546bf35,黑白全色相,黑白全色相_00,train,0
rcp_0f93a523a211b2bf,青橙复古,青橙复古_02,train,0
rcp_0fb8631a3286512a,青橙胶片,青橙胶片_00,train,0
rcp_0fc0ca8a02381813,暖调品红,暖调品红_06,train,0
rcp_0fd3861e2cea8046,青橙胶片,青橙胶片_01,train,0
rcp_0fde07ca5629ef0c,青橙胶片,青橙胶片_01,train,0
rcp_1001d0351b4b51d2,高饱和暖调,高饱和暖调_00,train,0
rcp_10043d7a7099eae1,高亮暖调,高亮暖调_02,train,0
rcp_10097a646686829c,青橙胶片,青橙胶片_01,train,0
rcp_10273a52211ba65f,胶片青橙,胶片青橙_04,train,0
rcp_103567843abb14b9,青橙复古,青橙复古_02,train,0
rcp_1037fa67e3ce8642,复古暖调,复古暖调_00,train,0
rcp_10624e42bd4d8d59,青橙胶片,青橙胶片_05,train,0
rcp_106a819f33617930,复古暖调,复古暖调_03,train,0
rcp_106d4897c464b79e,低饱和复古,低饱和复古_03,train,0
rcp_107570ef89ab1a1b,高饱和暖调,高饱和暖调_00,train,0
rcp_10ba18da836ab348,撞色暖调,撞色暖调_06,train,0
rcp_10c004cb612fd4d4,青橙胶片,青橙胶片_01,train,0
rcp_10d6f79d0cc14ff9,青橙复古,青橙复古_02,train,0
rcp_10db6397a5fa669b,复古暖调,复古暖调_00,train,0
rcp_10f078c18582f7e0,暖调复古,暖调复古_01,train,0
rcp_10fd38b6c2ce8d84,低饱和复古,低饱和复古_03,train,0
rcp_111175b05ee3f283,青橙胶片,青橙胶片_01,train,0
rcp_1132c21685aec829,胶片复古,胶片复古_04,train,0
rcp_1141be9ac0ce5ddf,撞色暖调,撞色暖调_06,train,0
rcp_1151be6730e9cb3d,青橙胶片,青橙胶片_00,train,0
rcp_1194e541dc6da1f4,青橙暖调,青橙暖调_08,train,0
rcp_11ebc652d7ef2061,黑白全色相,黑白全色相_00,train,0
rcp_120de0f20f58cc53,压暗胶片,压暗胶片_02,train,0
rcp_12383b39f0beab45,高亮冷调,高亮冷调_01,train,0
rcp_124cf3c41df2d3d1,胶片青橙,胶片青橙_04,train,0
rcp_12506ab13f884b99,青橙复古,青橙复古_02,train,0
rcp_1267a97e06f464f8,高亮复古,高亮复古_06,train,0
rcp_126a3327146477da,高亮复古,高亮复古_05,train,0
rcp_1279b15fa1778c81,胶片青绿,胶片青绿_00,train,0
rcp_127a424d97ea52bb,胶片复古,胶片复古_00,train,0
rcp_1287a325f7a9b5eb,高亮清透,高亮清透_01,train,0
rcp_12a93987cc8c3394,青橙复古,青橙复古_02,train,0
rcp_12b2f62a1059cc1f,撞色暖调,撞色暖调_06,train,0
rcp_12d9f2d837ee64c4,暖调高亮,暖调高亮_00,train,0
rcp_12eabc3195d6dbd7,青橙胶片,青橙胶片_00,train,0
rcp_12fb462d636f829c,青橙胶片,青橙胶片_00,train,0
rcp_1316fc5d88c23246,暖调高亮,暖调高亮_04,train,0
rcp_13344c0664128e9f,青橙胶片,青橙胶片_00,train,0
rcp_133cf57dfa5c6247,高亮冷调,高亮冷调_03,train,0
rcp_13491c938d387388,暖调胶片,暖调胶片_05,train,0
rcp_1353cedd6fe05e99,青橙胶片,青橙胶片_01,train,0
rcp_13808b2c185ef911,黑白全色相,黑白全色相_01,train,0
rcp_13a6f7d564873638,高亮冷调,高亮冷调_01,train,0
rcp_13afff192fb8bbe8,胶片青绿,胶片青绿_00,train,0
rcp_13c9a1e66b625c1e,青橙胶片,青橙胶片_00,train,0
rcp_13d86759bd035c95,高亮清透,高亮清透_01,train,0
rcp_13e91aac2d23e8bf,青橙复古,青橙复古_05,train,0
rcp_14225196a74c6b7f,压暗胶片,压暗胶片_02,train,0
rcp_143be3e3be4d9689,胶片青橙,胶片青橙_04,train,0
rcp_144af3de0d685cbb,胶片青橙,胶片青橙_04,train,0
rcp_14586985386ffb69,低饱和复古,低饱和复古_03,train,0
rcp_145ec379a76ef984,高亮暖调,高亮暖调_02,train,0
rcp_1462fee770035311,黑白去色,黑白去色_02,train,0
rcp_148b75295b40d055,青橙胶片,青橙胶片_00,train,0
rcp_148c9b2aa73a6351,品红复古,品红复古_02,train,0
rcp_14948f2ca9711d08,低饱和复古,低饱和复古_03,train,0
rcp_149581c910d76dc7,复古胶片,复古胶片_03,train,0
rcp_14995175d091421e,低饱和复古,低饱和复古_03,train,0
rcp_14b98ed27668de14,青橙胶片,青橙胶片_01,train,0
rcp_14fa944dc6129da3,青橙胶片,青橙胶片_01,train,0
rcp_14fd95681251c6ad,品红复古,品红复古_02,train,0
rcp_1504981aa51ea9b4,胶片复古,胶片复古_04,train,0
rcp_151cdcf82b6e0eab,复古暖调,复古暖调_03,train,0
rcp_1528dfe621dd7cf0,暖调品红,暖调品红_06,train,0
rcp_1536ad2915191a19,青橙胶片,青橙胶片_01,train,0
rcp_153e872ddb3708cc,高亮复古,高亮复古_06,train,0
rcp_154402d81eab2a72,胶片青橙,胶片青橙_04,train,0
rcp_1549794dbd513ce2,青绿胶片,青绿胶片_01,train,0
rcp_154d7c543d6ca44a,黑白全色相,黑白全色相_01,train,0
rcp_154dee5d7effd616,青橙胶片,青橙胶片_00,train,0
rcp_1569b575bda65898,胶片复古,胶片复古_00,train,0
rcp_157ea288cbc237ec,高亮青绿,高亮青绿_04,train,0
rcp_15863f73083fbefd,黑白全色相,黑白全色相_00,train,0
rcp_158f9bd93e5b5934,品红复古,品红复古_02,train,0
rcp_15a4d56c7151484d,青橙暗调,青橙暗调_06,train,0
rcp_15a6fbcd5e0133ec,压暗胶片,压暗胶片_02,train,0
rcp_15b7df80805d3596,青橙胶片,青橙胶片_00,train,0
rcp_15bf187bf1637f62,青橙胶片,青橙胶片_00,train,0
rcp_15c8605b31077941,青橙胶片,青橙胶片_00,train,0
rcp_15dd0c6f435e7aa5,胶片青绿,胶片青绿_00,train,0
rcp_15deb282593fe96a,高亮复古,高亮复古_05,train,0
rcp_15f4615a35186aca,青橙胶片,青橙胶片_01,train,0
rcp_16152428dd96cca8,高亮暖调,高亮暖调_02,train,0
rcp_16209d0f1af8fa4a,暖调品红,暖调品红_01,train,0
rcp_163b56fdca2c3c91,暖调高亮,暖调高亮_01,train,0
rcp_16658d2595f02483,复古暖调,复古暖调_00,train,0
rcp_1672d24a1897bf7a,高亮清透,高亮清透_01,train,0
rcp_16788f869b0a104f,青橙胶片,青橙胶片_00,train,0
rcp_168f5c8072232f0f,高亮暖调,高亮暖调_10,train,0
rcp_16bf4ff53d2165e0,青橙胶片,青橙胶片_05,train,0
rcp_16cb74f5938130e2,压暗胶片,压暗胶片_02,train,0
rcp_16d9be52b56fac99,青橙胶片,青橙胶片_00,train,0
rcp_16e90b9100648fe5,暖调胶片,暖调胶片_05,train,0
rcp_16fe6a3ecc67ae95,青橙复古,青橙复古_02,train,0
rcp_170b4e2cda98878c,压暗胶片,压暗胶片_02,train,0
rcp_17165954dc7bdb9e,高亮清透,高亮清透_01,train,0
rcp_171d5b9a7585e8d9,青绿胶片,青绿胶片_01,train,0
rcp_1730181b2f8c1e62,胶片复古,胶片复古_00,train,0
rcp_1732c74d517810b6,低饱和复古,低饱和复古_03,train,0
rcp_1745540681f27ab1,复古胶片,复古胶片_03,train,0
rcp_176664b383d2a921,高亮清透,高亮清透_01,train,0
rcp_1766f69b57a04252,胶片青橙,胶片青橙_04,train,0
rcp_1780070c17bc6e70,胶片复古,胶片复古_00,train,0
rcp_1799a5745df1c4c5,暖调复古,暖调复古_02,train,0
rcp_17b6b531160e69b5,暖调胶片,暖调胶片_05,train,0
rcp_17b7d7adfddf990d,暖调复古,暖调复古_00,train,0
rcp_17bb2d90aaea7db7,胶片青橙,胶片青橙_04,train,0
rcp_17c2af3c65602e15,青橙胶片,青橙胶片_01,train,0
rcp_17e8c53aafdbc960,青橙复古,青橙复古_02,train,0
rcp_17e9cc41067ca858,高饱和暖调,高饱和暖调_00,train,0
rcp_17ebfcdbe99c2759,胶片青橙,胶片青橙_04,train,0
rcp_17f4e8e9ea2ff941,复古胶片,复古胶片_03,train,0
rcp_183b99be52cbabc5,青橙胶片,青橙胶片_01,train,0
rcp_183e2f7c36801dc9,暖调胶片,暖调胶片_05,train,0
rcp_184a426ea87e36dd,黑白全色相,黑白全色相_01,train,0
rcp_1855c14e1314dec0,暖调品红,暖调品红_01,train,0
rcp_185bce93cb8112eb,暖调品红,暖调品红_01,train,0
rcp_187669ed13eedf68,低饱和复古,低饱和复古_03,train,0
rcp_18968f4f928ad38d,暖调复古,暖调复古_01,train,0
rcp_18b87d49c9e9460b,暖调高亮,暖调高亮_04,train,0
rcp_18cf61ee24df508c,高亮青绿,高亮青绿_04,train,0
rcp_18d6a2c50e8dda9d,青橙暗调,青橙暗调_06,train,0
rcp_18e94749b74b0134,高饱和冷调,高饱和冷调_04,train,0
rcp_18effa5d386a37f7,冷调高亮,冷调高亮_04,train,0
rcp_190321203f11e84d,胶片复古,胶片复古_04,train,0
rcp_1934c68de02a1064,高亮复古,高亮复古_05,train,0
rcp_1938d5098a8b4509,暖调复古,暖调复古_02,train,0
rcp_1956a8ac55a44b73,胶片青橙,胶片青橙_04,train,0
rcp_19612a0aa8d04b3b,青绿高亮,青绿高亮_02,train,0
rcp_196d88b90186e0de,高饱和暖调,高饱和暖调_00,train,0
rcp_1972acb2d4d7f383,青橙胶片,青橙胶片_00,train,0
rcp_1975590ebad0b58b,青橙复古,青橙复古_07,train,0
rcp_197b1f284c9cecfb,高亮暖调,高亮暖调_02,train,0
rcp_19a617521a4e5915,高亮青绿,高亮青绿_04,train,0
rcp_19ae5af490c68965,青橙胶片,青橙胶片_00,train,0
rcp_19c680df2a1da757,胶片复古,胶片复古_04,train,0
rcp_19ef06407796e20c,暖调品红,暖调品红_06,train,0
rcp_1a08832e15d6a21f,黑白全色相,黑白全色相_01,train,0
rcp_1a0b151dd864db44,青橙胶片,青橙胶片_01,train,0
rcp_1a0d76c41f97d111,复古胶片,复古胶片_03,train,0
rcp_1a10979fe2ab2f7f,压暗胶片,压暗胶片_02,train,0
rcp_1a16b27f736be13e,低饱和复古,低饱和复古_03,train,0
rcp_1a21fdfada352d4c,青橙复古,青橙复古_02,train,0
rcp_1a2a2905334bbd97,青橙胶片,青橙胶片_01,train,0
rcp_1a2b8afbcb527321,高亮清透,高亮清透_01,train,0
rcp_1a348d3a21b65a66,压暗胶片,压暗胶片_02,train,0
rcp_1a35b049833b882c,高亮青橙,高亮青橙_07,train,0
rcp_1a3c621590e69eff,胶片复古,胶片复古_04,train,0
rcp_1a694e7335c1e9e4,暖调高亮,暖调高亮_04,train,0
rcp_1ac4ba6aa93df8df,暖调复古,暖调复古_00,train,0
rcp_1ac4f61fd8603f25,青橙胶片,青橙胶片_01,train,0
rcp_1ac940de49d4a541,暖调胶片,暖调胶片_05,train,0
rcp_1ace2762de42267a,青橙胶片,青橙胶片_00,train,0
rcp_1ae215fe284c9845,复古胶片,复古胶片_03,train,0
rcp_1af09c06bef09e4d,青橙复古,青橙复古_05,train,0
rcp_1af9ec7da189e9c7,胶片复古,胶片复古_00,train,0
rcp_1b1073444b0728fb,青橙胶片,青橙胶片_00,train,0
rcp_1b16da86788acd3a,青橙复古,青橙复古_02,train,0
rcp_1b187ac6a4b2c629,高亮清透,高亮清透_01,train,0
rcp_1b448bec0d0c2f39,青橙胶片,青橙胶片_00,train,0
rcp_1b5a441febb2ea38,黑白去色,黑白去色_02,train,0
rcp_1b5e6b309217c1a3,黑白全色相,黑白全色相_00,train,0
rcp_1b694b2f24eb7428,青橙复古,青橙复古_02,train,0
rcp_1b78876d5092c9f0,胶片复古,胶片复古_00,train,0
rcp_1b7e30788ad505e9,青橙胶片,青橙胶片_01,train,0
rcp_1b7ef5f97f0ae7b8,青橙胶片,青橙胶片_00,train,0
rcp_1b8ad95beec5d56b,青橙胶片,青橙胶片_00,train,0
rcp_1b97c5ad7b7d8e9a,压暗胶片,压暗胶片_02,train,0
rcp_1b99108d081807ca,青橙胶片,青橙胶片_00,train,0
rcp_1bba192dc198cb62,低饱和复古,低饱和复古_03,train,0
rcp_1bbf302388417ca1,青橙复古,青橙复古_02,train,0
rcp_1bbf87603efd92e6,胶片复古,胶片复古_04,train,0
rcp_1bd37e852c0ef1da,青橙低饱和,青橙低饱和_05,train,0
rcp_1be12fcb9e43d077,暖调品红,暖调品红_01,train,0
rcp_1bf49ba10bd141e4,青橙低饱和,青橙低饱和_06,train,0
rcp_1c0c81642eda944a,撞色暖调,撞色暖调_06,train,0
rcp_1c1c28ad43fc77be,青橙暗调,青橙暗调_02,train,0
rcp_1c2496d2a0f339b7,高亮青绿,高亮青绿_04,train,0
rcp_1c424aa8da448867,高亮清透,高亮清透_01,train,0
rcp_1c6e7d0665ad19d0,青橙胶片,青橙胶片_01,train,0
rcp_1c7088d28b0f8d58,复古暖调,复古暖调_03,train,0
rcp_1c7f609141de7f91,高亮暖调,高亮暖调_02,train,0
rcp_1c86e8ed0dbd4daa,胶片青绿,胶片青绿_00,train,0
rcp_1c8f69bd432ca385,青橙胶片,青橙胶片_01,train,0
rcp_1c9ccf4b07e05369,撞色暖调,撞色暖调_06,train,0
rcp_1cab6bc3cdc39e9d,黑白全色相,黑白全色相_01,train,0
rcp_1cafbe65bf64afb6,压暗胶片,压暗胶片_02,train,0
rcp_1cb3600e256ccf76,青橙低饱和,青橙低饱和_06,train,0
rcp_1cc52a7059c0ea98,暖调复古,暖调复古_02,train,0
rcp_1cc5fb3f1b0a8f18,低饱和复古,低饱和复古_03,train,0
rcp_1cd06128cf6c26aa,青橙胶片,青橙胶片_01,train,0
rcp_1cf696b99af261c1,低饱和复古,低饱和复古_03,train,0
rcp_1cfee27414a6d7b9,低饱和复古,低饱和复古_03,train,0
rcp_1d479a7a3adbc270,青橙复古,青橙复古_05,train,0
rcp_1d62a99a3fb2d820,暖调高亮,暖调高亮_04,train,0
rcp_1d6593b2cd87e4bd,高亮暖调,高亮暖调_02,train,0
rcp_1d7c206d7ad00275,高饱和暖调,高饱和暖调_00,train,0
rcp_1d7d75a8594c0176,暖调品红,暖调品红_06,train,0
rcp_1d815998895f6d48,青橙胶片,青橙胶片_00,train,0
rcp_1dc2c76fe40253b8,低饱和复古,低饱和复古_03,train,0
rcp_1dc4b77c8323ce9b,暖调高亮,暖调高亮_00,train,0
rcp_1dd0868b26ca5cc2,撞色暖调,撞色暖调_06,train,0
rcp_1dd284c276933680,高亮清透,高亮清透_01,train,0
rcp_1dd90b7c70cd6f4e,青橙胶片,青橙胶片_01,train,0
rcp_1ddda92056df1cbc,青橙胶片,青橙胶片_00,train,0
rcp_1de5523b3c053716,青橙复古,青橙复古_07,train,0
rcp_1de89ebd47dfb9c1,青绿高亮,青绿高亮_02,train,0
rcp_1e054c165a724821,暖调复古,暖调复古_02,train,0
rcp_1e0f1e3fb3301761,复古暖调,复古暖调_11,train,0
rcp_1e107beac735b271,高亮清透,高亮清透_01,train,0
rcp_1e2023c10a259290,暖调复古,暖调复古_02,train,0
rcp_1e243e0e178b4918,撞色暖调,撞色暖调_06,train,0
rcp_1e48736f9e8e888a,品红复古,品红复古_02,train,0
rcp_1e4afa408c5e6e58,低饱和复古,低饱和复古_03,train,0
rcp_1e50ae82a07da70a,胶片青橙,胶片青橙_04,train,0
rcp_1e54ab3481dc7215,高亮暖调,高亮暖调_10,train,0
rcp_1e5fcdac01dcd1fe,高亮复古,高亮复古_05,train,0
rcp_1e6c68f87f9f3273,高亮暖调,高亮暖调_09,train,0
rcp_1e76e4d371395519,暖调复古,暖调复古_00,train,0
rcp_1e8103f648a08ed2,复古胶片,复古胶片_03,train,0
rcp_1e9c06f2b4fe0d7a,胶片青橙,胶片青橙_04,train,0
rcp_1ea1ecbe41b85cfd,暖调胶片,暖调胶片_05,train,0
rcp_1ea236684eb752aa,青橙胶片,青橙胶片_05,train,0
rcp_1ed30b6ae90b1287,低饱和复古,低饱和复古_03,train,0
rcp_1ed57638f2cce378,冷调高亮,冷调高亮_04,train,0
rcp_1ed82ef1c721f739,青橙胶片,青橙胶片_00,train,0
rcp_1ee65a991cdab83a,复古胶片,复古胶片_03,train,0
rcp_1ef68f671ff8bf93,青绿胶片,青绿胶片_07,train,0
rcp_1f124101634a86bf,胶片青橙,胶片青橙_04,train,0
rcp_1f25d52549757485,黑白去色,黑白去色_02,train,0
rcp_1f373dd8e0f28d28,高亮青橙,高亮青橙_07,train,0
rcp_1f3ffec19a505b59,暖调复古,暖调复古_01,train,0
rcp_1f4cfd1423701a71,青橙胶片,青橙胶片_00,train,0
rcp_1f54fda3bb8fa856,复古暖调,复古暖调_03,train,0
rcp_1f61043ae17db251,高亮复古,高亮复古_05,train,0
rcp_1f839c5a809a9aac,高亮复古,高亮复古_05,train,0
rcp_1fb007f5ddb62d3c,黑白全色相,黑白全色相_01,train,0
rcp_1fbb5c927777fe8b,品红复古,品红复古_02,train,0
rcp_1fcbbdc89bcea944,青橙胶片,青橙胶片_01,train,0
rcp_1feb9105e920c973,高亮清透,高亮清透_01,train,0
rcp_1fedf298bdddf4fe,高亮冷调,高亮冷调_01,train,0
rcp_20010e3b4490bbfe,青绿胶片,青绿胶片_01,train,0
rcp_200cf8568cc55cf3,胶片青橙,胶片青橙_04,train,0
rcp_201156d1b2070967,压暗胶片,压暗胶片_02,train,0
rcp_2022bfb33da3e700,黑白全色相,黑白全色相_00,train,0
rcp_2045126bf786dd88,低饱和复古,低饱和复古_03,train,0
rcp_2058c261641937d9,青橙胶片,青橙胶片_01,train,0
rcp_205c71a2f0b18179,青橙复古,青橙复古_05,train,0
rcp_2060465b5e8759d0,暗调低饱和,暗调低饱和_06,train,0
rcp_2067980f5460c080,青橙复古,青橙复古_02,train,0
rcp_2080ad32f7f4064b,暖调复古,暖调复古_00,train,0
rcp_2082eb7d6a7072c5,高饱和暖调,高饱和暖调_00,train,0
rcp_208ac4da50822845,胶片复古,胶片复古_04,train,0
rcp_208ad2892d4a45aa,黑白全色相,黑白全色相_00,train,0
rcp_209766957c5538e3,青绿胶片,青绿胶片_01,train,0
rcp_20a8153b14926087,胶片青橙,胶片青橙_04,train,0
rcp_20de2a2454581817,青橙胶片,青橙胶片_00,train,0
rcp_20f71c0948d18a37,复古暖调,复古暖调_03,train,0
rcp_213859c6fd74d34a,暖调高亮,暖调高亮_04,train,0
rcp_217c8c0100a5d546,青橙胶片,青橙胶片_01,train,0
rcp_2190b2e509ba8f7a,胶片青橙,胶片青橙_04,train,0
rcp_21c2b16b9e132a53,复古暖调,复古暖调_03,train,0
rcp_21c85df79b1b4b82,青绿胶片,青绿胶片_01,train,0
rcp_21ea1a498d31d57e,黑白全色相,黑白全色相_07,train,0
rcp_21eb393e446c34c2,复古暖调,复古暖调_00,train,0
rcp_21f91102dc6f7224,青橙胶片,青橙胶片_00,train,0
rcp_21fe30ba332463f6,暖调胶片,暖调胶片_05,train,0
rcp_2204b75b4a605520,暖调品红,暖调品红_01,train,0
rcp_2215ce853dfbc0e5,青橙胶片,青橙胶片_05,train,0
rcp_222c30d16bfa2fc4,暖调品红,暖调品红_06,train,0
rcp_2237adb919d62425,低饱和复古,低饱和复古_03,train,0
rcp_2238a5f66d21171e,暖调高亮,暖调高亮_04,train,0
rcp_22533d217e229a2f,低饱和复古,低饱和复古_03,train,0
rcp_225671704365cd17,暖调胶片,暖调胶片_05,train,0
rcp_22a23e7cc073b732,压暗胶片,压暗胶片_02,train,0
rcp_22aa6f10cc49a435,低饱和复古,低饱和复古_03,train,0
rcp_22c9af6e8d298cc7,低饱和复古,低饱和复古_03,train,0
rcp_22da63d394050cd4,暖调低饱和,暖调低饱和_08,train,0
rcp_23047aa82df03387,高亮暖调,高亮暖调_10,train,0
rcp_231c8f5900d5c7fc,压暗胶片,压暗胶片_02,train,0
rcp_23451db35cd15e87,高饱和暖调,高饱和暖调_00,train,0
rcp_2349c4b26d873a04,暖调复古,暖调复古_01,train,0
rcp_2363f6ad87bee0b4,低饱和复古,低饱和复古_03,train,0
rcp_23820e248d66dc2b,低饱和复古,低饱和复古_03,train,0
rcp_23852513a52549c2,高饱和冷调,高饱和冷调_04,train,0
rcp_23a051170b18f5e9,胶片青橙,胶片青橙_04,train,0
rcp_23b2fd5cba02d94e,高饱和暖调,高饱和暖调_00,train,0
rcp_23c9a5e89fdc5485,青橙复古,青橙复古_02,train,0
rcp_23ecf8d4bb4630fe,暖调复古,暖调复古_00,train,0
rcp_23f89ab2e2115923,青橙胶片,青橙胶片_00,train,0
rcp_23fa84f3b6ee9674,青橙复古,青橙复古_02,train,0
rcp_23fd312954942ad8,撞色暖调,撞色暖调_06,train,0
rcp_2426dd889f168daf,高亮清透,高亮清透_01,train,0
rcp_2432a82a9c6b512d,胶片复古,胶片复古_00,train,0
rcp_2433bbe1f0c20276,暖调复古,暖调复古_02,train,0
rcp_2446a04ab94cd7b9,胶片青橙,胶片青橙_04,train,0
rcp_245679c6d250efdc,暖调胶片,暖调胶片_05,train,0
rcp_2467a2c2032d5e78,低饱和复古,低饱和复古_03,train,0
rcp_246812f7e53f8eb1,胶片复古,胶片复古_04,train,0
rcp_246a94e422ca4219,暖调复古,暖调复古_01,train,0
rcp_2472476cc7b56dcb,青橙胶片,青橙胶片_05,train,0
rcp_24785377b1a8745b,低饱和冷调,低饱和冷调_01,train,0
rcp_248bda4a44cf3456,冷调复古,冷调复古_03,train,0
rcp_248fbda3801753fd,低饱和复古,低饱和复古_03,train,0
rcp_24a37c3a4ffd10a9,青橙复古,青橙复古_07,train,0
rcp_24a4657718ac7537,复古暖调,复古暖调_00,train,0
rcp_24bf97a5aa6fa0f2,暖调高亮,暖调高亮_01,train,0
rcp_24d49237fae83158,低饱和复古,低饱和复古_03,train,0
rcp_24f36a4fe86ed14b,复古暖调,复古暖调_03,train,0
rcp_24fb14d27f9656dd,复古暖调,复古暖调_00,train,0
rcp_2506b3ab39eb4daf,青橙胶片,青橙胶片_00,train,0
rcp_250aca881ed6b8cb,高亮清透,高亮清透_01,train,0
rcp_251321573d53f3e9,暖调复古,暖调复古_00,train,0
rcp_252e6fa9ee39e70d,青绿胶片,青绿胶片_07,train,0
rcp_253008735cde5d89,复古暖调,复古暖调_03,train,0
rcp_25346d5ab8c3f5cd,高饱和暖调,高饱和暖调_00,train,0
rcp_254a31914e661081,高饱和暖调,高饱和暖调_00,train,0
rcp_257a64825f6b5c8c,青橙胶片,青橙胶片_00,train,0
rcp_25922f61633e0911,高亮暖调,高亮暖调_09,train,0
rcp_259b7305af0e9c05,胶片青橙,胶片青橙_04,train,0
rcp_259c1c38a621d774,青橙胶片,青橙胶片_00,train,0
rcp_25cd5c6216980eba,暖调复古,暖调复古_01,train,0
rcp_25dabe82ad25047d,青橙复古,青橙复古_02,train,0
rcp_25f011c0c2144b2f,青绿胶片,青绿胶片_01,train,0
rcp_260e4648703365dc,低饱和复古,低饱和复古_03,train,0
rcp_261f13b78608f448,胶片复古,胶片复古_04,train,0
rcp_26508fd46d7edc1b,青橙胶片,青橙胶片_00,train,0
rcp_266920e286b85bef,暖调低饱和,暖调低饱和_08,train,0
rcp_26741a597faca44a,高亮清透,高亮清透_01,train,0
rcp_26abcd77a7a8569d,青橙胶片,青橙胶片_00,train,0
rcp_26bc25f9561b30cd,胶片青绿,胶片青绿_00,train,0
rcp_26d6ad0342b8c454,低饱和复古,低饱和复古_03,train,0
rcp_26f607e92929c9c6,青橙胶片,青橙胶片_00,train,0
rcp_26ff1e560b7e7048,青橙胶片,青橙胶片_00,train,0
rcp_270a405e7f2fa0b5,高亮青橙,高亮青橙_07,train,0
rcp_270b358fff80de75,暖调品红,暖调品红_06,train,0
rcp_27118141ee8d01fb,青橙胶片,青橙胶片_00,train,0
rcp_27153a34c6994d67,青橙胶片,青橙胶片_00,train,0
rcp_27313e557217e0d4,高亮清透,高亮清透_01,train,0
rcp_2770e48aa13f0f60,高饱和暖调,高饱和暖调_00,train,0
rcp_277ad8bb60834f42,暖调复古,暖调复古_01,train,0
rcp_27825a99b0d312d0,胶片青绿,胶片青绿_00,train,0
rcp_2783e630005bf142,黑白全色相,黑白全色相_00,train,0
rcp_278e98c77582db85,青橙胶片,青橙胶片_00,train,0
rcp_2793dcc0f7f3a35f,低饱和复古,低饱和复古_03,train,0
rcp_27c8634e83458389,暖调高亮,暖调高亮_00,train,0
rcp_27dabcc82e0883a9,高亮暖调,高亮暖调_09,train,0
rcp_280993d5727cc938,压暗胶片,压暗胶片_02,train,0
rcp_281370ae25ac693c,青橙胶片,青橙胶片_00,train,0
rcp_281709311768e636,高亮清透,高亮清透_01,train,0
rcp_281a13521a17265a,高亮清透,高亮清透_01,train,0
rcp_281d1ef4707d5b2e,冷调青绿,冷调青绿_00,train,0
rcp_282904eead74dd6a,胶片复古,胶片复古_04,train,0
rcp_2830243146e90405,青橙暗调,青橙暗调_08,train,0
rcp_28501bed8feed2a9,暖调复古,暖调复古_01,train,0
rcp_28516539443ab31d,青橙胶片,青橙胶片_00,train,0
rcp_2854a8bdb54c77a6,胶片青橙,胶片青橙_04,train,0
rcp_286186d4fceca750,青橙胶片,青橙胶片_00,train,0
rcp_28907aaab77fa322,青橙胶片,青橙胶片_01,train,0
rcp_28b3beb645c67205,青绿高亮,青绿高亮_02,train,0
rcp_290925079193318c,青橙暗调,青橙暗调_02,train,0
rcp_291916c8cee3d4d2,压暗胶片,压暗胶片_02,train,0
rcp_292067d04b84fb05,胶片复古,胶片复古_04,train,0
rcp_29245aad95a6b33a,胶片复古,胶片复古_00,train,0
rcp_29332e8eaa78ae82,低饱和复古,低饱和复古_03,train,0
rcp_293d36ee0d8e1d79,黑白全色相,黑白全色相_01,train,0
rcp_2951a336701cb661,高亮清透,高亮清透_01,train,0
rcp_29522d199b60b7ba,青橙胶片,青橙胶片_01,train,0
rcp_295558ad80a37fa1,青橙胶片,青橙胶片_00,train,0
rcp_29600b40ec305ef2,青绿胶片,青绿胶片_01,train,0
rcp_29604a23ef00e8e2,青橙复古,青橙复古_02,train,0
rcp_29879ef9219bf8c8,低饱和复古,低饱和复古_03,train,0
rcp_2987aeaa2086813c,冷调复古,冷调复古_03,train,0
rcp_299aeea713f293b2,青橙复古,青橙复古_02,train,0
rcp_29b4758d06717b99,胶片复古,胶片复古_04,train,0
rcp_29cf375e09b73d5a,青橙胶片,青橙胶片_00,train,0
rcp_29d81b7f75f15480,低饱和复古,低饱和复古_03,train,0
rcp_29e0eb9e2c7b969b,黑白全色相,黑白全色相_01,train,0
rcp_29f1e3fb26f7c73f,青橙胶片,青橙胶片_00,train,0
rcp_29ff68830fbd0c8f,青橙胶片,青橙胶片_00,train,0
rcp_2a0139017ece0cf8,压暗胶片,压暗胶片_02,train,0
rcp_2a0393905f990243,黑白全色相,黑白全色相_00,train,0
rcp_2a12fc820855448b,青橙复古,青橙复古_05,train,0
rcp_2a5577effb08ba35,撞色暖调,撞色暖调_06,train,0
rcp_2a55b163885bbf54,青橙胶片,青橙胶片_00,train,0
rcp_2a56a0905c59e235,暖调胶片,暖调胶片_05,train,0
rcp_2a5717a4fd3f1f0a,青橙胶片,青橙胶片_00,train,0
rcp_2a5912eb0c39fccf,低饱和复古,低饱和复古_03,train,0
rcp_2a5ed899f3f34a5d,低饱和复古,低饱和复古_03,train,0
rcp_2a67e33fc627e237,暖调复古,暖调复古_01,train,0
rcp_2a88b5bf8eff74e6,青橙胶片,青橙胶片_00,train,0
rcp_2a897cd9eccd38c7,青橙胶片,青橙胶片_00,train,0
rcp_2a8b4e598d47a445,高饱和暖调,高饱和暖调_00,train,0
rcp_2aac5b9c76626857,胶片青橙,胶片青橙_04,train,0
rcp_2ab771711a1e1960,压暗胶片,压暗胶片_02,train,0
rcp_2ab976c81435cfcf,低饱和复古,低饱和复古_03,train,0
rcp_2ae74146dac00ee7,青橙胶片,青橙胶片_01,train,0
rcp_2aef8fbedba6070f,青橙胶片,青橙胶片_01,train,0
rcp_2b5de15d5e2b0081,青绿高亮,青绿高亮_02,train,0
rcp_2b5f9aca14236cf4,胶片复古,胶片复古_04,train,0
rcp_2b69169de730d568,青橙胶片,青橙胶片_01,train,0
rcp_2b9532f36fc9d210,青橙复古,青橙复古_02,train,0
rcp_2bb94d981c5f0287,暖调复古,暖调复古_01,train,0
rcp_2bd56c1fa3d777c6,高亮复古,高亮复古_06,train,0
rcp_2befeaa664265a53,复古暖调,复古暖调_00,train,0
rcp_2bf160401cea1896,青橙暗调,青橙暗调_08,train,0
rcp_2bf53cc80c62f6e0,胶片青绿,胶片青绿_00,train,0
rcp_2c2f2c42d804b375,青橙胶片,青橙胶片_01,train,0
rcp_2c45922c1e0c485d,高亮清透,高亮清透_01,train,0
rcp_2c4e00585c4df83a,高亮复古,高亮复古_06,train,0
rcp_2c51a08cfd01bfe7,复古胶片,复古胶片_03,train,0
rcp_2c5205f952df96ac,青橙胶片,青橙胶片_00,train,0
rcp_2c55be3b3e3b3dd1,暖调复古,暖调复古_01,train,0
rcp_2c872baadce89bcf,青橙暗调,青橙暗调_00,train,0
rcp_2c959bf98d3f8b35,胶片青绿,胶片青绿_00,train,0
rcp_2cbd35eee0fbfad0,复古胶片,复古胶片_03,train,0
rcp_2cd9341a55dd2488,青橙胶片,青橙胶片_01,train,0
rcp_2cea774da0a19855,暖调胶片,暖调胶片_05,train,0
rcp_2d02f6ff6709770d,暖调胶片,暖调胶片_05,train,0
rcp_2d380db278c5618e,高亮暖调,高亮暖调_07,train,0
rcp_2d3c1a4e92ecc3f4,暖调品红,暖调品红_01,train,0
rcp_2d9e6a852c215a39,青绿胶片,青绿胶片_01,train,0
rcp_2da37014ef94df3f,黑白全色相,黑白全色相_00,train,0
rcp_2ddd6c32834fc8bb,高亮青绿,高亮青绿_04,train,0
rcp_2df0cef06bcd0442,青橙胶片,青橙胶片_01,train,0
rcp_2df81dc4b524665e,暖调复古,暖调复古_01,train,0
rcp_2e18726b92cba883,青橙复古,青橙复古_02,train,0
rcp_2e1d5ec2e67d446a,青橙胶片,青橙胶片_01,train,0
rcp_2e2dd6e296b31794,胶片去色,胶片去色_05,train,0
rcp_2e59e772209b05aa,胶片青橙,胶片青橙_04,train,0
rcp_2e5bc8033a66b829,青橙胶片,青橙胶片_01,train,0
rcp_2e82d10404340763,高亮清透,高亮清透_01,train,0
rcp_2e908f4dfa72d1f4,品红复古,品红复古_02,train,0
rcp_2eae2dcce3124cbb,胶片复古,胶片复古_00,train,0
rcp_2ec72f58cf378f74,低饱和复古,低饱和复古_03,train,0
rcp_2ee22dcdc2f81ce5,胶片复古,胶片复古_04,train,0
rcp_2ee3a1dcad62f2b4,高亮暖调,高亮暖调_02,train,0
rcp_2ee50049bfa17ab8,胶片青绿,胶片青绿_00,train,0
rcp_2ee84d54cd7b5853,暖调品红,暖调品红_01,train,0
rcp_2ee86a82ebb4a4cc,冷调复古,冷调复古_03,train,0
rcp_2efe2987b609da97,黑白全色相,黑白全色相_01,train,0
rcp_2f0a3f253b0318c8,低饱和复古,低饱和复古_03,train,0
rcp_2f0d41300e847143,暖调胶片,暖调胶片_05,train,0
rcp_2f0d837eb1234f70,高亮复古,高亮复古_06,train,0
rcp_2f24572e8cbed2f0,撞色暖调,撞色暖调_06,train,0
rcp_2f248baf551975f8,青橙低饱和,青橙低饱和_05,train,0
rcp_2f26104dedbf2b64,冷调复古,冷调复古_03,train,0
rcp_2f511419ff5b7b6d,高亮冷调,高亮冷调_01,train,0
rcp_2f52497339afc749,胶片复古,胶片复古_00,train,0
rcp_2f696c36d3d3ec82,低饱和复古,低饱和复古_03,train,0
rcp_2f7c35dd826f6f13,胶片复古,胶片复古_04,train,0
rcp_2faedd510c84077c,青橙复古,青橙复古_02,train,0
rcp_2ff217f25b780d32,青橙胶片,青橙胶片_01,train,0
rcp_30123e66d9f3b351,高亮清透,高亮清透_01,train,0
rcp_30135c92a9563524,暖调品红,暖调品红_06,train,0
rcp_30518e3a538104d5,暖调胶片,暖调胶片_05,train,0
rcp_3056ee3f1175077e,青橙胶片,青橙胶片_00,train,0
rcp_30821ba7d236df37,青橙胶片,青橙胶片_01,train,0
rcp_3097d5f77aa1feb9,高亮冷调,高亮冷调_01,train,0
rcp_309e11728534ac3e,胶片复古,胶片复古_04,train,0
rcp_30a6bb7e48f73b54,胶片青橙,胶片青橙_04,train,0
rcp_30b8d7947321a7bc,高亮青绿,高亮青绿_04,train,0
rcp_30c467f8294e76ae,冷调青绿,冷调青绿_00,train,0
rcp_30d66322d9d56b81,暖调胶片,暖调胶片_05,train,0
rcp_30e3bec6fa9f28a2,青橙胶片,青橙胶片_00,train,0
rcp_3101183f59a1e306,压暗胶片,压暗胶片_02,train,0
rcp_3109d6dd66a408e4,撞色暖调,撞色暖调_06,train,0
rcp_3111b3af955084f7,青橙胶片,青橙胶片_01,train,0
rcp_311ac38a46858d9a,高亮清透,高亮清透_01,train,0
rcp_3144516214630daa,暖调胶片,暖调胶片_05,train,0
rcp_31476b582bbc5d88,青绿胶片,青绿胶片_01,train,0
rcp_3148e173595f5c1b,青橙复古,青橙复古_05,train,0
rcp_31563debc263a9b1,低饱和复古,低饱和复古_03,train,0
rcp_316a10c6f8d7332d,胶片复古,胶片复古_04,train,0
rcp_316ae33eec111bbb,复古青橙,复古青橙_03,train,0
rcp_31910222db3278f1,暖调复古,暖调复古_01,train,0
rcp_319e0149bab55207,青橙胶片,青橙胶片_00,train,0
rcp_31ac9cdb49376486,复古暖调,复古暖调_00,train,0
rcp_31c49b1b3b1ede01,高亮暖调,高亮暖调_07,train,0
rcp_31c49da3110f17e4,胶片青绿,胶片青绿_00,train,0
rcp_31c4fc05f291975e,青橙暗调,青橙暗调_08,train,0
rcp_31eaa53551d850a5,青橙胶片,青橙胶片_01,train,0
rcp_31f4913952c7924d,青橙胶片,青橙胶片_00,train,0
rcp_31f5868e18f71ca7,高亮复古,高亮复古_05,train,0
rcp_31fae3d8b96e2b66,青橙胶片,青橙胶片_00,train,0
rcp_3202b73ea42fd227,复古暖调,复古暖调_03,train,0
rcp_321cf8a0cc0089f9,复古暖调,复古暖调_03,train,0
rcp_321d79a1d9d64c3d,青绿胶片,青绿胶片_01,train,0
rcp_3224086c2cba843d,暖调复古,暖调复古_00,train,0
rcp_324e1b4022424281,青橙复古,青橙复古_07,train,0
rcp_3262cb93a42fff1d,青橙胶片,青橙胶片_01,train,0
rcp_32717b9a83916ace,暖调复古,暖调复古_01,train,0
rcp_32a063be979f9c2f,青橙胶片,青橙胶片_01,train,0
rcp_32bafd4d576c0e89,胶片青橙,胶片青橙_04,train,0
rcp_32c2250956a2ae30,青绿胶片,青绿胶片_01,train,0
rcp_32cbb627ee3dc196,低饱和复古,低饱和复古_03,train,0
rcp_32e9e21680a4fa12,暖调高亮,暖调高亮_04,train,0
rcp_32f4f012b880b87b,胶片复古,胶片复古_04,train,0
rcp_32f7da2125021e09,高亮清透,高亮清透_01,train,0
rcp_32f883d6b0c8d3ee,青橙胶片,青橙胶片_01,train,0
rcp_32fa7aa9a6183f83,低饱和复古,低饱和复古_03,train,0
rcp_331092b9c914c678,青橙胶片,青橙胶片_00,train,0
rcp_33184039bda6dada,青橙胶片,青橙胶片_00,train,0
rcp_333be02c2a470e2e,胶片复古,胶片复古_04,train,0
rcp_3342e10dbd3f71b4,青橙胶片,青橙胶片_00,train,0
rcp_334c65dc417a091d,青橙胶片,青橙胶片_00,train,0
rcp_3354e04c7bc3cd66,青橙胶片,青橙胶片_01,train,0
rcp_339e1c3010d27d32,青橙复古,青橙复古_02,train,0
rcp_33f8b7cd6c9de18a,胶片复古,胶片复古_04,train,0
rcp_3445d11db36161b6,黑白去色,黑白去色_02,train,0
rcp_345977f2d19a165f,青橙复古,青橙复古_02,train,0
rcp_34680baa94ee3582,复古暖调,复古暖调_03,train,0
rcp_3468acf4d870559b,暖调复古,暖调复古_01,train,0
rcp_3486002ac8717974,暖调高亮,暖调高亮_07,train,0
rcp_348e092bb4bf5533,高亮暖调,高亮暖调_02,train,0
rcp_34bab8b6c630aba9,青橙低饱和,青橙低饱和_06,train,0
rcp_34c8c130d49aa5c4,暖调胶片,暖调胶片_05,train,0
rcp_34d7ca76ee1b6867,复古暖调,复古暖调_00,train,0
rcp_34e26f17621686b7,青橙复古,青橙复古_02,train,0
rcp_3504b763cd8c38e2,青橙胶片,青橙胶片_00,train,0
rcp_355d06fa6ecb9d29,高亮清透,高亮清透_01,train,0
rcp_356394922bd661dd,胶片青橙,胶片青橙_04,train,0
rcp_3574c268a382fd39,复古胶片,复古胶片_03,train,0
rcp_357ec982c16f061b,高亮清透,高亮清透_01,train,0
rcp_358ef5f543ac8d8e,冷调高亮,冷调高亮_04,train,0
rcp_359af935b1754d3b,冷调青绿,冷调青绿_00,train,0
rcp_35a3af92323485af,复古暖调,复古暖调_03,train,0
rcp_35a6067bd11f8a45,高亮复古,高亮复古_06,train,0
rcp_35b8e2acbcc23f79,低饱和复古,低饱和复古_03,train,0
rcp_35be33076f914868,胶片青橙,胶片青橙_04,train,0
rcp_35c0e8476c9d9fe5,青橙胶片,青橙胶片_00,train,0
rcp_35ca1361a5607de3,胶片复古,胶片复古_04,train,0
rcp_35d93765e18d7360,青橙复古,青橙复古_02,train,0
rcp_35dff15549e71964,胶片青橙,胶片青橙_04,train,0
rcp_35e8f9ed4a0d4661,复古暖调,复古暖调_03,train,0
rcp_35f524c9a4dec5e3,高亮复古,高亮复古_06,train,0
rcp_35fea671b6ebd657,青橙暗调,青橙暗调_02,train,0
rcp_360024ba93ce9402,胶片青橙,胶片青橙_04,train,0
rcp_3606fcb76c092ab3,冷调复古,冷调复古_03,train,0
rcp_363cea8a18077e7f,低饱和复古,低饱和复古_03,train,0
rcp_364c862c1ede6521,青橙胶片,青橙胶片_01,train,0
rcp_36547185ec42a244,高亮清透,高亮清透_01,train,0
rcp_36637d1f69ebe584,复古胶片,复古胶片_03,train,0
rcp_36860fa8d8fe1201,暖调品红,暖调品红_06,train,0
rcp_36881d94daf34c17,复古暖调,复古暖调_00,train,0
rcp_36ab0737c15d577d,青橙胶片,青橙胶片_05,train,0
rcp_36af7027ed6a4d41,暖调复古,暖调复古_01,train,0
rcp_36c7a7dbe53aa78e,高亮冷调,高亮冷调_01,train,0
rcp_36da794c45e401d3,复古胶片,复古胶片_03,train,0
rcp_36ed7ef689dc0ee8,青橙胶片,青橙胶片_01,train,0
rcp_3700760d82a12150,青橙胶片,青橙胶片_01,train,0
rcp_3700bfcf45b8ff91,青橙胶片,青橙胶片_01,train,0
rcp_37446d6987139fe9,复古暖调,复古暖调_00,train,0
rcp_3748dcad28d1111c,青橙胶片,青橙胶片_00,train,0
rcp_37626b25ffc3637b,青橙胶片,青橙胶片_00,train,0
rcp_376cb359cb7125f4,复古胶片,复古胶片_03,train,0
rcp_376d1007acf1a87e,胶片青绿,胶片青绿_00,train,0
rcp_3792b2b0dc342d44,高亮清透,高亮清透_01,train,0
rcp_37a9ddff20fe3da4,暖调复古,暖调复古_00,train,0
rcp_37c6c8992d7e822f,高饱和暖调,高饱和暖调_00,train,0
rcp_37e333ddf7d9ca4c,高亮清透,高亮清透_01,train,0
rcp_37ff4af876bd241c,低饱和复古,低饱和复古_03,train,0
rcp_3801d98a214b25e7,低饱和复古,低饱和复古_03,train,0
rcp_380c581748a3f71c,青橙复古,青橙复古_02,train,0
rcp_3823cc0733b20d07,青橙胶片,青橙胶片_00,train,0
rcp_3830e0d7c42e597f,青橙复古,青橙复古_02,train,0
rcp_383f2439d03fe1df,青绿胶片,青绿胶片_01,train,0
rcp_3853426a7b3af988,高饱和暖调,高饱和暖调_00,train,0
rcp_385ef92a2a2d5180,压暗胶片,压暗胶片_02,train,0
rcp_3864b8a5cef2d423,青橙胶片,青橙胶片_00,train,0
rcp_387c9fce3a1dc434,高亮复古,高亮复古_06,train,0
rcp_388d48d51fede047,青绿胶片,青绿胶片_01,train,0
rcp_38a9693df85d0541,青橙胶片,青橙胶片_00,train,0
rcp_38ac9bda3bdb1e00,高亮暖调,高亮暖调_02,train,0
rcp_38c848de60ee6ad5,高亮冷调,高亮冷调_01,train,0
rcp_392b331b9b521e40,青橙复古,青橙复古_02,train,0
rcp_3934bacc2940c688,暖调复古,暖调复古_02,train,0
rcp_393dcf5ec06e3263,复古暖调,复古暖调_03,train,0
rcp_395b779f6d9f3dcc,黑白全色相,黑白全色相_07,train,0
rcp_39727194a3ca3cfb,黑白全色相,黑白全色相_07,train,0
rcp_397962305cb3a0ec,撞色暖调,撞色暖调_06,train,0
rcp_3984c3bfa3af342b,青橙胶片,青橙胶片_00,train,0
rcp_399ad5215077eb78,青绿胶片,青绿胶片_01,train,0
rcp_39ce5b5397891032,青橙胶片,青橙胶片_01,train,0
rcp_3a01270bdc9f97c9,胶片青橙,胶片青橙_04,train,0
rcp_3a055134c857de78,青橙复古,青橙复古_07,train,0
rcp_3a27a71f983f41e9,青橙胶片,青橙胶片_01,train,0
rcp_3a32842b9e197c86,青橙胶片,青橙胶片_00,train,0
rcp_3a397bb405a33700,冷调青绿,冷调青绿_00,train,0
rcp_3a4339c7961607aa,暖调复古,暖调复古_02,train,0
rcp_3a501fef452410fd,胶片复古,胶片复古_00,train,0
rcp_3a5c3764d4d40411,青橙胶片,青橙胶片_01,train,0
rcp_3a7652eca1809840,复古暖调,复古暖调_03,train,0
rcp_3a8b26527b4ea648,高亮清透,高亮清透_01,train,0
rcp_3aab06c2acad4d57,青绿胶片,青绿胶片_01,train,0
rcp_3aaf4c8a3cc8c0d6,胶片复古,胶片复古_04,train,0
rcp_3ac220556613972d,复古暖调,复古暖调_03,train,0
rcp_3ac76f775abe54fa,复古暖调,复古暖调_08,train,0
rcp_3aed1fc1601d882d,压暗胶片,压暗胶片_02,train,0
rcp_3b09fc3dd5746454,低饱和复古,低饱和复古_03,train,0
rcp_3b2c3df55109adc2,高饱和暖调,高饱和暖调_00,train,0
rcp_3b324bfb3df81b04,高亮青绿,高亮青绿_04,train,0
rcp_3b458fb7a6f14c88,胶片复古,胶片复古_04,train,0
rcp_3b45ed085050aa44,复古胶片,复古胶片_03,train,0
rcp_3b4fd3d2c724bacd,高亮复古,高亮复古_05,train,0
rcp_3b5d83e81eb2bf04,压暗胶片,压暗胶片_02,train,0
rcp_3b72f1ade026c608,暖调复古,暖调复古_01,train,0
rcp_3b757342d3e84498,高亮冷调,高亮冷调_01,train,0
rcp_3b979f6ed53343ef,青橙胶片,青橙胶片_01,train,0
rcp_3bbb2f8c21c52aa2,青橙胶片,青橙胶片_01,train,0
rcp_3beed01293b0812b,暖调胶片,暖调胶片_05,train,0
rcp_3c0e816f3667c746,撞色暖调,撞色暖调_06,train,0
rcp_3c1c1f98a35c371d,高亮清透,高亮清透_01,train,0
rcp_3c1e690413a9d36c,青橙复古,青橙复古_02,train,0
rcp_3c37e7837e3d747d,高亮冷调,高亮冷调_01,train,0
rcp_3c503a17fb442e17,复古胶片,复古胶片_03,train,0
rcp_3c62e482c650cc6b,高饱和暖调,高饱和暖调_00,train,0
rcp_3c6c824f44c97d3e,高亮清透,高亮清透_01,train,0
rcp_3c8defc12841f5ec,撞色暖调,撞色暖调_06,train,0
rcp_3ca56296b32d91b9,胶片青绿,胶片青绿_00,train,0
rcp_3ca631856b6b7f95,低饱和复古,低饱和复古_03,train,0
rcp_3caa8bbcd7ae3b95,青橙胶片,青橙胶片_00,train,0
rcp_3cb8513f9cc25890,暖调胶片,暖调胶片_05,train,0
rcp_3cd8ad3b13527f9d,暖调复古,暖调复古_00,train,0
rcp_3cdd85156c8f3f8e,暖调复古,暖调复古_02,train,0
rcp_3cff4abdd26d9af0,青橙胶片,青橙胶片_00,train,0
rcp_3d071a7988bb0643,高亮暖调,高亮暖调_02,train,0
rcp_3d2e14aac17b4b8a,高饱和暖调,高饱和暖调_00,train,0
rcp_3d2eeac3769feddd,复古暖调,复古暖调_00,train,0
rcp_3d36f041eb25171c,青橙胶片,青橙胶片_00,train,0
rcp_3d37d9223332bf39,暖调高亮,暖调高亮_01,train,0
rcp_3d4108db93a0c8b8,高饱和冷调,高饱和冷调_04,train,0
rcp_3d509a50eeffc0ce,低饱和复古,低饱和复古_03,train,0
rcp_3d71f56a76f88840,暖调品红,暖调品红_06,train,0
rcp_3d7719b16b3c98dc,暖调复古,暖调复古_00,train,0
rcp_3d869065ba41d879,复古青橙,复古青橙_03,train,0
rcp_3d94da3af0646a27,黑白全色相,黑白全色相_01,train,0
rcp_3d9e8539e5e3cf98,青橙复古,青橙复古_02,train,0
rcp_3da1f9a6c0ef66c0,高亮复古,高亮复古_05,train,0
rcp_3dae4b3d5c273687,青橙胶片,青橙胶片_00,train,0
rcp_3dbd50614f9665ef,暖调复古,暖调复古_01,train,0
rcp_3dc1d4b109898d01,暖调胶片,暖调胶片_05,train,0
rcp_3dfb1eb878f43903,高亮暖调,高亮暖调_02,train,0
rcp_3e137df5a9666785,撞色暖调,撞色暖调_06,train,0
rcp_3e1ed4ca82a594e0,撞色暖调,撞色暖调_06,train,0
rcp_3e24a47ad39d43ff,青橙胶片,青橙胶片_00,train,0
rcp_3e325731f793c055,低饱和复古,低饱和复古_03,train,0
rcp_3e34d4f4c96b1a4a,青橙胶片,青橙胶片_00,train,0
rcp_3e494854902bbcac,黑白全色相,黑白全色相_00,train,0
rcp_3e58f0337e2ca9be,复古暖调,复古暖调_03,train,0
rcp_3e5b72f600e1d613,低饱和复古,低饱和复古_03,train,0
rcp_3e66429a1c34ea7d,冷调青绿,冷调青绿_00,train,0
rcp_3e7cc72462d7acdd,胶片复古,胶片复古_04,train,0
rcp_3e9fbbeb4a3f7273,胶片青橙,胶片青橙_04,train,0
rcp_3ea3a6aab106900a,高亮清透,高亮清透_01,train,0
rcp_3eabb2af82e8b473,青橙胶片,青橙胶片_05,train,0
rcp_3ebb2019e9bef68f,暖调复古,暖调复古_00,train,0
rcp_3ecf06d63c2395c5,青橙胶片,青橙胶片_00,train,0
rcp_3ed5edd85c832cf1,品红复古,品红复古_02,train,0
rcp_3ee2afb02f9250dc,暖调复古,暖调复古_01,train,0
rcp_3ef0f9134a6e78c6,低饱和复古,低饱和复古_03,train,0
rcp_3f30f05c4047a06c,撞色暖调,撞色暖调_06,train,0
rcp_3f3220663a961321,暖调胶片,暖调胶片_05,train,0
rcp_3f463163ac0637be,高亮青橙,高亮青橙_07,train,0
rcp_3f4710be9c998eda,青橙胶片,青橙胶片_00,train,0
rcp_3f6bf3989e0b1d33,暖调品红,暖调品红_06,train,0
rcp_3f6c3cc026fd1be4,复古胶片,复古胶片_03,train,0
rcp_3fa76c4b9d1b633b,青橙胶片,青橙胶片_01,train,0
rcp_3fb5eb2aebdc90c6,复古暖调,复古暖调_03,train,0
rcp_3fb947c185939e0e,胶片青橙,胶片青橙_04,train,0
rcp_3fbf31214ccf5f07,青橙复古,青橙复古_05,train,0
rcp_3fc4742899954d73,胶片青橙,胶片青橙_04,train,0
rcp_3fc6c4731605950a,青橙胶片,青橙胶片_00,train,0
rcp_3fc8b6ccf5ace09b,青橙暗调,青橙暗调_00,train,0
rcp_3fcdafd2dd1d7963,胶片青橙,胶片青橙_04,train,0
rcp_3fd5a35b3bc21745,高饱和暖调,高饱和暖调_00,train,0
rcp_3fed44f70c5daafd,高亮冷调,高亮冷调_01,train,0
rcp_3ffe641ad8c3769b,青橙复古,青橙复古_05,train,0
rcp_4008702de45797ef,胶片青橙,胶片青橙_04,train,0
rcp_402a2852e84a6c9f,青橙胶片,青橙胶片_00,train,0
rcp_4042bb11bdd1826d,青橙胶片,青橙胶片_00,train,0
rcp_4042ca5f32e588e7,暖调胶片,暖调胶片_05,train,0
rcp_40442e2e1a39a687,青橙暗调,青橙暗调_08,train,0
rcp_40519a1bbeb070f5,暖调高亮,暖调高亮_04,train,0
rcp_405b868d04b80ad0,青橙复古,青橙复古_02,train,0
rcp_405e3a8dd4a026f7,青橙胶片,青橙胶片_01,train,0
rcp_406bfccad4e83d90,黑白全色相,黑白全色相_00,train,0
rcp_408596e71556ea6c,青橙复古,青橙复古_05,train,0
rcp_40887738e366b93e,高亮青橙,高亮青橙_07,train,0
rcp_408e434612829af5,高亮暖调,高亮暖调_02,train,0
rcp_40a68b8f02eba2b0,青橙胶片,青橙胶片_00,train,0
rcp_40c3d241ad959ad9,复古暖调,复古暖调_00,train,0
rcp_40cbfc027f5241ab,低饱和复古,低饱和复古_03,train,0
rcp_40fb0d124433f2df,青橙复古,青橙复古_02,train,0
rcp_4109f4d8dafea5be,青绿胶片,青绿胶片_01,train,0
rcp_410d0a9e352939fe,胶片青橙,胶片青橙_04,train,0
rcp_4121d8ce5e73d925,胶片复古,胶片复古_04,train,0
rcp_412c0c9f06283082,高饱和暖调,高饱和暖调_00,train,0
rcp_4149ca3b9d60c7be,胶片青橙,胶片青橙_04,train,0
rcp_41a82c4047b06ec7,暗调低饱和,暗调低饱和_06,train,0
rcp_41b8ba946e3287f3,胶片复古,胶片复古_00,train,0
rcp_41bb254387d516b8,高亮暖调,高亮暖调_02,train,0
rcp_41e17dc1149447e2,暖调复古,暖调复古_00,train,0
rcp_41f9526db7919ba5,高饱和暖调,高饱和暖调_00,train,0
rcp_420dd73abb104a95,青橙低饱和,青橙低饱和_06,train,0
rcp_4224eed77e07622b,青橙胶片,青橙胶片_00,train,0
rcp_42273c1674ed949c,暖调高亮,暖调高亮_03,train,0
rcp_42356d88d9877a78,撞色暖调,撞色暖调_06,train,0
rcp_423cfee41be2da31,青橙胶片,青橙胶片_00,train,0
rcp_4245726e78eeae05,冷调青绿,冷调青绿_00,train,0
rcp_425989469f576801,压暗胶片,压暗胶片_02,train,0
rcp_4266fdefd6be0eb1,高饱和暖调,高饱和暖调_00,train,0
rcp_426b71ea08e24d87,压暗胶片,压暗胶片_02,train,0
rcp_4273c1d573be846a,青绿胶片,青绿胶片_07,train,0
rcp_427cfbea71d1e0d1,青橙胶片,青橙胶片_01,train,0
rcp_42ab61ec3ad5b8f4,黑白全色相,黑白全色相_00,train,0
rcp_42d8278c69b746c9,暖调复古,暖调复古_02,train,0
rcp_42ec65b581789338,青橙胶片,青橙胶片_00,train,0
rcp_4300cac1b15bdce4,青橙胶片,青橙胶片_00,train,0
rcp_43146887ded7044a,青橙胶片,青橙胶片_05,train,0
rcp_4315a27604f792f1,高亮冷调,高亮冷调_01,train,0
rcp_4320d1180501a56e,复古暖调,复古暖调_00,train,0
rcp_432f7c144a376a66,低饱和复古,低饱和复古_03,train,0
rcp_433cee58c45a6ccc,高饱和暖调,高饱和暖调_00,train,0
rcp_4340f9f779fff82d,复古胶片,复古胶片_03,train,0
rcp_43432b921fcb91d3,压暗胶片,压暗胶片_02,train,0
rcp_436066360777fb06,复古暖调,复古暖调_00,train,0
rcp_436bd4967b5d8214,高亮清透,高亮清透_01,train,0
rcp_436c975ffb5d8fc7,压暗胶片,压暗胶片_02,train,0
rcp_436ce84cb8ffa7e0,高亮冷调,高亮冷调_01,train,0
rcp_437ab5255f62e0ba,青橙胶片,青橙胶片_00,train,0
rcp_4384435c2179a523,压暗胶片,压暗胶片_02,train,0
rcp_438a4b9974523e23,暖调复古,暖调复古_01,train,0
rcp_439876591217e969,复古胶片,复古胶片_03,train,0
rcp_43b7ad58de56a8b0,暖调胶片,暖调胶片_05,train,0
rcp_43c60e2245d112bf,低饱和复古,低饱和复古_03,train,0
rcp_43cca987849b93ea,暖调复古,暖调复古_00,train,0
rcp_44090cd494b5c5fc,青橙胶片,青橙胶片_01,train,0
rcp_44281ce6012fe524,压暗胶片,压暗胶片_02,train,0
rcp_44303083f48dd3a1,青橙暖调,青橙暖调_08,train,0
rcp_443e160dea701e2d,低饱和复古,低饱和复古_03,train,0
rcp_444cc0d426999c71,胶片青橙,胶片青橙_04,train,0
rcp_4458e52eed61786d,暖调复古,暖调复古_02,train,0
rcp_446e233bd4490559,高亮复古,高亮复古_05,train,0
rcp_4476d897057adfad,青橙胶片,青橙胶片_00,train,0
rcp_447bf2a4db675223,高亮青橙,高亮青橙_07,train,0
rcp_44921e003e57a7ee,品红复古,品红复古_02,train,0
rcp_449c1e4f00b7cbd6,胶片复古,胶片复古_04,train,0
rcp_44c0ab550a58bcdb,高饱和暖调,高饱和暖调_00,train,0
rcp_44cf9a2145d298bb,胶片青橙,胶片青橙_04,train,0
rcp_450fbaea1d637b5f,青橙胶片,青橙胶片_01,train,0
rcp_452a3d20f0ba4097,青橙胶片,青橙胶片_01,train,0
rcp_453ae6944e8ccbda,高亮冷调,高亮冷调_01,train,0
rcp_455b8689d129261d,低饱和复古,低饱和复古_03,train,0
rcp_4575a347534dccc5,撞色暖调,撞色暖调_06,train,0
rcp_4578ef7bf2664c81,青橙复古,青橙复古_02,train,0
rcp_458c84c3765dab51,胶片复古,胶片复古_04,train,0
rcp_45a3bd338b379e7f,暖调复古,暖调复古_00,train,0
rcp_45ae842c8d29fa94,青橙胶片,青橙胶片_01,train,0
rcp_45c4663adbf64efe,高亮复古,高亮复古_06,train,0
rcp_45c9ce840a038a59,复古胶片,复古胶片_03,train,0
rcp_45d55bd39928fc41,暖调高亮,暖调高亮_00,train,0
rcp_45f7298d9643a94b,低饱和复古,低饱和复古_03,train,0
rcp_45fe0a312b01c4c6,青橙胶片,青橙胶片_00,train,0
rcp_46133d2762e882bb,暖调复古,暖调复古_01,train,0
rcp_462d2666a2aff752,高亮暖调,高亮暖调_10,train,0
rcp_464ed4f57c3d8d6c,黑白全色相,黑白全色相_00,train,0
rcp_46565f412cdf39ff,暖调复古,暖调复古_01,train,0
rcp_46632a841db485e3,青橙复古,青橙复古_02,train,0
rcp_468ba1c180856187,高饱和暖调,高饱和暖调_00,train,0
rcp_4693c4ba7778a6d8,青橙低饱和,青橙低饱和_06,train,0
rcp_46c7d3ca8c913ed5,青橙胶片,青橙胶片_00,train,0
rcp_46ca47f28d540a59,低饱和复古,低饱和复古_03,train,0
rcp_46ce887e89903187,品红复古,品红复古_02,train,0
rcp_46e21d50eeebeec1,复古暖调,复古暖调_03,train,0
rcp_46e358e514d35826,高饱和暖调,高饱和暖调_00,train,0
rcp_4747b674279e804b,复古暖调,复古暖调_03,train,0
rcp_474f5368e932eea5,高饱和暖调,高饱和暖调_00,train,0
rcp_475a2a9520931a29,青橙复古,青橙复古_05,train,0
rcp_476c555abcfb1d0c,青橙复古,青橙复古_02,train,0
rcp_478e0c0d774ee77c,高亮暖调,高亮暖调_02,train,0
rcp_47b5dc553b04e4ef,青橙胶片,青橙胶片_01,train,0
rcp_47e65324dd941605,低饱和复古,低饱和复古_03,train,0
rcp_47fd2ea9c68379cb,青橙胶片,青橙胶片_01,train,0
rcp_47febb6416ff0077,复古暖调,复古暖调_08,train,0
rcp_4851618072a5da15,高饱和暖调,高饱和暖调_00,train,0
rcp_4854cce4d47c5816,复古暖调,复古暖调_00,train,0
rcp_48b118653ffdd60f,高饱和暖调,高饱和暖调_00,train,0
rcp_48b809fe1309bcc5,暖调复古,暖调复古_00,train,0
rcp_48b9ad8791fcb30d,暖调胶片,暖调胶片_05,train,0
rcp_48c51fc41b55099a,青橙胶片,青橙胶片_00,train,0
rcp_48cbf073d7bca7de,青橙复古,青橙复古_05,train,0
rcp_48cee66855887450,高饱和暖调,高饱和暖调_00,train,0
rcp_492c2cdee7812397,青橙胶片,青橙胶片_00,train,0
rcp_493e2827b13d442b,胶片青绿,胶片青绿_00,train,0
rcp_49786c50c907b36e,青橙胶片,青橙胶片_01,train,0
rcp_4979d0b3755f3278,青橙胶片,青橙胶片_01,train,0
rcp_4998e6eb81791dbd,压暗胶片,压暗胶片_02,train,0
rcp_49a5d2eebe337fac,胶片复古,胶片复古_00,train,0
rcp_49d9d0c204b89e69,暖调复古,暖调复古_01,train,0
rcp_49eb948516a4c899,高亮复古,高亮复古_06,train,0
rcp_4a2d983de2e67077,低饱和复古,低饱和复古_03,train,0
rcp_4a35b571fb78ad6a,黑白全色相,黑白全色相_01,train,0
rcp_4a379ed39a935ae4,胶片复古,胶片复古_04,train,0
rcp_4a38e028b0aa13f9,胶片复古,胶片复古_04,train,0
rcp_4a52c5bf4ed0a2b5,暖调品红,暖调品红_06,train,0
rcp_4a6d2d7c64ad83b6,胶片青绿,胶片青绿_00,train,0
rcp_4a79356ad3ddb3ca,复古胶片,复古胶片_03,train,0
rcp_4a8efae8433681a2,复古暖调,复古暖调_03,train,0
rcp_4a9641ff0da3747e,高饱和暖调,高饱和暖调_00,train,0
rcp_4aa28ce49e919f95,高亮复古,高亮复古_05,train,0
rcp_4aa39febb7c34280,胶片复古,胶片复古_04,train,0
rcp_4aa63519cca5ce88,品红复古,品红复古_02,train,0
rcp_4ade16a91625f0ef,高饱和暖调,高饱和暖调_00,train,0
rcp_4ade78689206eb9d,青橙胶片,青橙胶片_01,train,0
rcp_4aff0ff98e10fe0f,暖调复古,暖调复古_00,train,0
rcp_4b16ad311f01b30d,青橙胶片,青橙胶片_01,train,0
rcp_4b49997e5ee75355,青橙胶片,青橙胶片_01,train,0
rcp_4b6b91154d4df6c4,低饱和复古,低饱和复古_03,train,0
rcp_4b73afff196ca18b,胶片青绿,胶片青绿_00,train,0
rcp_4b82ae15a55a22c9,复古暖调,复古暖调_11,train,0
rcp_4b83906df6253610,青橙暖调,青橙暖调_08,train,0
rcp_4b89a73a189d30f7,青橙复古,青橙复古_02,train,0
rcp_4b9ac924d843c45e,青橙暗调,青橙暗调_06,train,0
rcp_4b9dd878a067bbdf,暖调品红,暖调品红_01,train,0
rcp_4bb15f0aa445b48a,青橙胶片,青橙胶片_00,train,0
rcp_4bbd4f59f4dde622,青橙胶片,青橙胶片_00,train,0
rcp_4be64821f459df67,品红复古,品红复古_02,train,0
rcp_4bef986c540e7b39,暖调复古,暖调复古_01,train,0
rcp_4bf31dde3639731d,青橙复古,青橙复古_02,train,0
rcp_4bf91ca877305e67,青橙胶片,青橙胶片_00,train,0
rcp_4bffd01bb6af1b9d,青橙胶片,青橙胶片_00,train,0
rcp_4c17e83a8555760b,暖调胶片,暖调胶片_05,train,0
rcp_4c1e0aa908d5413a,青橙胶片,青橙胶片_00,train,0
rcp_4c2afda6d784ed25,青橙胶片,青橙胶片_00,train,0
rcp_4c561fddadaeb17f,青橙胶片,青橙胶片_00,train,0
rcp_4c61fee44358deb4,高亮清透,高亮清透_01,train,0
rcp_4c638ce460f3bf45,青橙胶片,青橙胶片_01,train,0
rcp_4c8b8309be35d87d,胶片复古,胶片复古_00,train,0
rcp_4cba7a1c90ca9a92,暖调复古,暖调复古_01,train,0
rcp_4cc2935f230028e5,压暗胶片,压暗胶片_02,train,0
rcp_4cccbc56e17296a3,胶片青绿,胶片青绿_00,train,0
rcp_4cd6a15530767d7e,低饱和复古,低饱和复古_03,train,0
rcp_4ce2c31d7f563de4,胶片青橙,胶片青橙_04,train,0
rcp_4cfd34c52f627c2c,压暗胶片,压暗胶片_02,train,0
rcp_4d07da0e03151511,青橙胶片,青橙胶片_00,train,0
rcp_4d110ea04372ce30,胶片青绿,胶片青绿_00,train,0
rcp_4d168b68b3c33472,黑白去色,黑白去色_02,train,0
rcp_4d27bab1a0351b3d,复古胶片,复古胶片_03,train,0
rcp_4d4cbfca8a3c762b,高亮清透,高亮清透_01,train,0
rcp_4d547eaf36a05016,青橙胶片,青橙胶片_01,train,0
rcp_4d6d3e623c6eb5d3,青橙胶片,青橙胶片_00,train,0
rcp_4d73c78143342d66,胶片青橙,胶片青橙_04,train,0
rcp_4d7d2e437c7ce728,暖调复古,暖调复古_02,train,0
rcp_4d8405a3be11a3eb,高亮暖调,高亮暖调_10,train,0
rcp_4d8c24494fc9576a,暖调高亮,暖调高亮_04,train,0
rcp_4d8f216507e00c2c,青橙复古,青橙复古_07,train,0
rcp_4db020ab55b04c41,冷调青绿,冷调青绿_00,train,0
rcp_4dcf7d7901cb3596,高饱和暖调,高饱和暖调_00,train,0
rcp_4dd2bdc321f55323,暖调复古,暖调复古_02,train,0
rcp_4de03780b0bb9c8e,暖调品红,暖调品红_06,train,0
rcp_4e3ba6bce9e76c01,高亮复古,高亮复古_05,train,0
rcp_4e3c50faf084cf61,暗调低饱和,暗调低饱和_06,train,0
rcp_4e4f84bff3e96785,复古暖调,复古暖调_00,train,0
rcp_4e637f1b6ac75e34,青橙低饱和,青橙低饱和_06,train,0
rcp_4e6772cef880ad73,青橙复古,青橙复古_05,train,0
rcp_4e74a371cdcced45,青橙胶片,青橙胶片_00,train,0
rcp_4e7591cf5c6c5312,暖调胶片,暖调胶片_05,train,0
rcp_4e7aa30dc2ef6097,胶片青绿,胶片青绿_00,train,0
rcp_4ea438e854875cd2,青橙胶片,青橙胶片_01,train,0
rcp_4ea9e83fcbd50a5f,青橙胶片,青橙胶片_00,train,0
rcp_4eaf672c27b88e09,高亮清透,高亮清透_01,train,0
rcp_4ecd7736bfe7ce5d,青橙胶片,青橙胶片_00,train,0
rcp_4edc682c58c38b20,复古胶片,复古胶片_03,train,0
rcp_4ef3ae1541fb759a,高亮冷调,高亮冷调_01,train,0
rcp_4ef45e9bdab75772,低饱和复古,低饱和复古_03,train,0
rcp_4ef86e09e6afdb77,暖调胶片,暖调胶片_05,train,0
rcp_4f0432b91804fb19,青橙胶片,青橙胶片_01,train,0
rcp_4f08088ad1d16236,压暗胶片,压暗胶片_02,train,0
rcp_4f0d4c6a86a5e066,青橙复古,青橙复古_02,train,0
rcp_4f397a5c45428dde,暖调复古,暖调复古_01,train,0
rcp_4f4973220fa5b092,高亮冷调,高亮冷调_01,train,0
rcp_4f672754a7811465,高亮暖调,高亮暖调_09,train,0
rcp_4f9300a90dc0a5e3,青橙胶片,青橙胶片_01,train,0
rcp_4f9f259bbd16d8a3,胶片青绿,胶片青绿_00,train,0
rcp_4fca40570d4feb05,复古胶片,复古胶片_03,train,0
rcp_4fd5784e54588421,胶片青绿,胶片青绿_00,train,0
rcp_5005a5cb7d96f14b,高亮清透,高亮清透_01,train,0
rcp_5005d8784317cce9,青橙胶片,青橙胶片_00,train,0
rcp_501709de8ebb543b,暖调复古,暖调复古_01,train,0
rcp_501a42aedaa55d6f,暖调品红,暖调品红_06,train,0
rcp_5030c4b0d24738f6,青橙胶片,青橙胶片_00,train,0
rcp_5036ab6927232315,胶片青绿,胶片青绿_00,train,0
rcp_504d58c3f81941b4,高亮冷调,高亮冷调_01,train,0
rcp_5053c7653b2c385e,青橙胶片,青橙胶片_01,train,0
rcp_50575f50f8e877bd,青橙胶片,青橙胶片_01,train,0
rcp_505dd7307872b284,黑白全色相,黑白全色相_00,train,0
rcp_509a97a53ba6658d,青橙胶片,青橙胶片_01,train,0
rcp_50a738d59107c91b,青橙复古,青橙复古_02,train,0
rcp_50b70d168641cfb8,高亮冷调,高亮冷调_01,train,0
rcp_50c47061840546dc,暖调复古,暖调复古_01,train,0
rcp_50e8432e703cc0a9,撞色暖调,撞色暖调_06,train,0
rcp_50eae686025f11f0,青橙胶片,青橙胶片_00,train,0
rcp_5103ae3e07024f38,撞色暖调,撞色暖调_06,train,0
rcp_5103fe46a4eba4bb,高亮暖调,高亮暖调_02,train,0
rcp_5107e3b018866bbb,高亮冷调,高亮冷调_01,train,0
rcp_5137c0907dc62f86,复古暖调,复古暖调_00,train,0
rcp_51529f83f6fe26db,黑白全色相,黑白全色相_01,train,0
rcp_516c5543d9e22c89,胶片青橙,胶片青橙_04,train,0
rcp_518eaadd7b15540b,胶片青橙,胶片青橙_04,train,0
rcp_519613a1b8171507,青绿高亮,青绿高亮_02,train,0
rcp_519a27af17e9df91,高亮青绿,高亮青绿_04,train,0
rcp_519eec50c870162b,青橙低饱和,青橙低饱和_06,train,0
rcp_51a8720736fad83f,低饱和复古,低饱和复古_03,train,0
rcp_51aa401deba01e1a,暖调复古,暖调复古_01,train,0
rcp_51bcdc162158cbe5,暖调复古,暖调复古_01,train,0
rcp_51d85660a6bfb0b5,黑白全色相,黑白全色相_00,train,0
rcp_51db2367e23fc141,黑白去色,黑白去色_02,train,0
rcp_51e0558f8eaf79c3,暖调高亮,暖调高亮_04,train,0
rcp_51f3b36ed87767af,低饱和冷调,低饱和冷调_01,train,0
rcp_52013d6a1aa7bc48,青橙胶片,青橙胶片_00,train,0
rcp_522a74f590e52032,黑白全色相,黑白全色相_00,train,0
rcp_523c948900a1a834,低饱和复古,低饱和复古_03,train,0
rcp_5243c8d2e2b19ee6,低饱和复古,低饱和复古_03,train,0
rcp_525bb52f743a92ce,暖调复古,暖调复古_01,train,0
rcp_5260d9234a5e7488,青橙复古,青橙复古_02,train,0
rcp_5277646d1cb49f56,黑白全色相,黑白全色相_01,train,0
rcp_52a3f908a4b5741b,高饱和暖调,高饱和暖调_00,train,0
rcp_52b4e76b6736408b,胶片青橙,胶片青橙_04,train,0
rcp_52cd960199c6eaca,青绿高亮,青绿高亮_02,train,0
rcp_52d66813cdc5b59b,胶片复古,胶片复古_04,train,0
rcp_5310733b1c9f7965,高亮暖调,高亮暖调_02,train,0
rcp_532e04bf2a11e7b5,高饱和暖调,高饱和暖调_00,train,0
rcp_536418df09b724e1,品红复古,品红复古_02,train,0
rcp_539507919df75844,复古暖调,复古暖调_03,train,0
rcp_53bab97d2d012dc5,暖调胶片,暖调胶片_05,train,0
rcp_53ea1ea1c65593c2,冷调复古,冷调复古_03,train,0
rcp_5424f1498594864f,暖调高亮,暖调高亮_04,train,0
rcp_5464259c7200f55e,青橙胶片,青橙胶片_00,train,0
rcp_54759efbb2c1e308,高饱和暖调,高饱和暖调_00,train,0
rcp_548ca07ec44313aa,青橙复古,青橙复古_07,train,0
rcp_54914fcb7a10c02f,青绿高亮,青绿高亮_02,train,0
rcp_54b601b5abe0932a,青橙胶片,青橙胶片_01,train,0
rcp_54eb855624220e50,暖调复古,暖调复古_01,train,0
rcp_54f5e1eb4a46e918,高亮暖调,高亮暖调_02,train,0
rcp_551e59db1f6aee49,胶片青橙,胶片青橙_04,train,0
rcp_552d66206ea4c104,高亮清透,高亮清透_01,train,0
rcp_55b94c64065c168e,青橙胶片,青橙胶片_00,train,0
rcp_55c0dcc6d1d4be4b,暖调复古,暖调复古_01,train,0
rcp_55cb6623a3630c7a,胶片复古,胶片复古_04,train,0
rcp_55ea327f94b1a173,低饱和复古,低饱和复古_03,train,0
rcp_562e0898644bf07b,高亮复古,高亮复古_05,train,0
rcp_562efd96b269d146,青橙胶片,青橙胶片_00,train,0
rcp_5640e28aed14209e,胶片青橙,胶片青橙_04,train,0
rcp_5665ed111d0eb304,青橙胶片,青橙胶片_00,train,0
rcp_56709584da2d6241,高亮清透,高亮清透_01,train,0
rcp_56c16104cb6b645e,青橙复古,青橙复古_02,train,0
rcp_56cf0b532b90333b,暖调品红,暖调品红_05,train,0
rcp_56e3afb21e465ce1,青橙复古,青橙复古_05,train,0
rcp_56f786537967af29,青橙复古,青橙复古_05,train,0
rcp_56fdf6f72f5729b3,低饱和复古,低饱和复古_03,train,0
rcp_570f286945bdca51,高饱和暖调,高饱和暖调_00,train,0
rcp_570fe25a63087013,高亮暖调,高亮暖调_02,train,0
rcp_572909d59ce01834,青橙复古,青橙复古_05,train,0
rcp_572e4532563305be,胶片青绿,胶片青绿_00,train,0
rcp_5744e297f57673b1,青橙胶片,青橙胶片_05,train,0
rcp_5745fc623e3f95b4,高亮复古,高亮复古_05,train,0
rcp_575b497fb9121793,青绿高亮,青绿高亮_02,train,0
rcp_5771fe67eda895d5,低饱和复古,低饱和复古_03,train,0
rcp_577a86732dd3ff80,胶片青橙,胶片青橙_04,train,0
rcp_577b2c717616bbae,青橙胶片,青橙胶片_00,train,0
rcp_57aded835dcee781,高亮复古,高亮复古_05,train,0
rcp_57c1451e12c6455f,复古胶片,复古胶片_03,train,0
rcp_57c49dabc872de22,胶片复古,胶片复古_04,train,0
rcp_57d176c47c9d9d28,复古暖调,复古暖调_11,train,0
rcp_57f0f0bf9a7ced96,暖调高亮,暖调高亮_04,train,0
rcp_57ff1219c5fbda41,胶片青橙,胶片青橙_04,train,0
rcp_5805be3f1e64435c,压暗胶片,压暗胶片_02,train,0
rcp_58115442c67bed51,高饱和暖调,高饱和暖调_00,train,0
rcp_5812cf6c90468057,高亮冷调,高亮冷调_01,train,0
rcp_582e82b308568306,高亮暖调,高亮暖调_09,train,0
rcp_58363561e5272ff1,黑白全色相,黑白全色相_06,train,0
rcp_583bf1eb8e0ca6af,复古暖调,复古暖调_11,train,0
rcp_583df8e7bdb20b98,高亮清透,高亮清透_01,train,0
rcp_5848d1b52ecdf027,胶片青橙,胶片青橙_04,train,0
rcp_58509fd5acf61d02,低饱和复古,低饱和复古_03,train,0
rcp_585a4186b6f85236,暖调高亮,暖调高亮_04,train,0
rcp_586a2f9a044be53e,品红复古,品红复古_02,train,0
rcp_5877143fd5f9f922,青橙胶片,青橙胶片_00,train,0
rcp_5895083fdd96d83d,高亮暖调,高亮暖调_02,train,0
rcp_589d5b706dd50da2,青橙暖调,青橙暖调_08,train,0
rcp_58a6e49f7021703f,黑白全色相,黑白全色相_01,train,0
rcp_58d925c6755451cc,青橙胶片,青橙胶片_01,train,0
rcp_58ded2094b122625,暖调胶片,暖调胶片_05,train,0
rcp_58e11dec6276c039,胶片青橙,胶片青橙_04,train,0
rcp_58e57ab495124d6a,暖调复古,暖调复古_02,train,0
rcp_58ea051d8e8051a1,低饱和复古,低饱和复古_03,train,0
rcp_58efe7fba9eba3a3,复古暖调,复古暖调_03,train,0
rcp_58f3499ebc25ca71,暖调复古,暖调复古_02,train,0
rcp_5919cb41eb4c319e,暖调高亮,暖调高亮_00,train,0
rcp_59237f5cc37fb4ad,胶片青绿,胶片青绿_00,train,0
rcp_5933575fb740d238,撞色暖调,撞色暖调_06,train,0
rcp_5961df094ba5537b,高饱和暖调,高饱和暖调_00,train,0
rcp_598d4282220804b9,青橙复古,青橙复古_02,train,0
rcp_59b00f3b1d3eb134,暗调低饱和,暗调低饱和_05,train,0
rcp_59bd26b591cc3c03,复古暖调,复古暖调_03,train,0
rcp_59c2b53469f5e59d,复古暖调,复古暖调_03,train,0
rcp_59c508a0657d7102,青橙胶片,青橙胶片_05,train,0
rcp_59c822e5bbf11b8c,暖调复古,暖调复古_01,train,0
rcp_59e180043ef756bb,高饱和暖调,高饱和暖调_00,train,0
rcp_59e841b46ecfe369,青橙暗调,青橙暗调_08,train,0
rcp_59f4c20e7b3ab73f,青橙胶片,青橙胶片_01,train,0
rcp_5a2f09a986a24b6b,压暗胶片,压暗胶片_02,train,0
rcp_5a36c1fa4bab55d0,青橙复古,青橙复古_05,train,0
rcp_5a3ea1e9882fe934,暖调复古,暖调复古_01,train,0
rcp_5a4c07614fed9881,青橙胶片,青橙胶片_01,train,0
rcp_5a74d946b7b7f081,青橙复古,青橙复古_02,train,0
rcp_5a8209cf5c230424,青橙胶片,青橙胶片_00,train,0
rcp_5aa2653544ecd450,青橙低饱和,青橙低饱和_05,train,0
rcp_5ab63a82a820dcbe,暖调高亮,暖调高亮_04,train,0
rcp_5acfa8b6553f7ed2,青橙复古,青橙复古_02,train,0
rcp_5af131b99db6d538,高亮暖调,高亮暖调_02,train,0
rcp_5af99388be49c49f,冷调复古,冷调复古_03,train,0
rcp_5b1b490389a89c10,高亮清透,高亮清透_01,train,0
rcp_5b240629bb1d2c94,高饱和暖调,高饱和暖调_00,train,0
rcp_5b380260e88160b8,胶片青橙,胶片青橙_04,train,0
rcp_5b52a355c2fe7566,复古青橙,复古青橙_03,train,0
rcp_5b5a0232f227d77a,撞色暖调,撞色暖调_06,train,0
rcp_5b5eb832d219c139,复古暖调,复古暖调_03,train,0
rcp_5b91f35b5d4e95c5,青橙胶片,青橙胶片_00,train,0
rcp_5bb40a9f2a9d8c37,暖调高亮,暖调高亮_00,train,0
rcp_5bc68b09471e9612,胶片复古,胶片复古_00,train,0
rcp_5bd887a8c47c0827,高饱和暖调,高饱和暖调_00,train,0
rcp_5c0158ce141db790,复古暖调,复古暖调_03,train,0
rcp_5c06c3ebf9267741,复古暖调,复古暖调_03,train,0
rcp_5c2318d9857b87e4,青橙胶片,青橙胶片_00,train,0
rcp_5c4208f6e089974b,青绿胶片,青绿胶片_01,train,0
rcp_5c43da795d9206bf,青橙复古,青橙复古_02,train,0
rcp_5c4b193afc19c1b2,青橙胶片,青橙胶片_00,train,0
rcp_5c5b3415c34afcaf,高亮清透,高亮清透_01,train,0
rcp_5c812dd21bb3b32c,复古胶片,复古胶片_03,train,0
rcp_5c95a1666cec8867,复古暖调,复古暖调_00,train,0
rcp_5ca6c6d7a506fa0a,黑白全色相,黑白全色相_01,train,0
rcp_5cc7109b533e92b7,青橙胶片,青橙胶片_01,train,0
rcp_5cefc850d64e86e0,低饱和复古,低饱和复古_03,train,0
rcp_5d57cde3af8a33d3,青橙复古,青橙复古_02,train,0
rcp_5d75921ea18edf12,压暗胶片,压暗胶片_02,train,0
rcp_5d83f0c2a1317bca,暖调复古,暖调复古_01,train,0
rcp_5e3dbf9efc4943f8,高亮复古,高亮复古_06,train,0
rcp_5e66e709a089379e,胶片青橙,胶片青橙_04,train,0
rcp_5e8d1f34b42b4e8f,复古暖调,复古暖调_08,train,0
rcp_5e947cf656271ee1,青橙胶片,青橙胶片_00,train,0
rcp_5ea11c879c5a5c53,胶片复古,胶片复古_04,train,0
rcp_5ebda572633534f0,高亮冷调,高亮冷调_03,train,0
rcp_5ece54043d0fb18e,青橙胶片,青橙胶片_01,train,0
rcp_5ed052c3bb6ee0d3,暖调复古,暖调复古_04,train,0
rcp_5edc0e9f970785a6,青橙复古,青橙复古_05,train,0
rcp_5edceb423d2aee0d,青橙胶片,青橙胶片_00,train,0
rcp_5ef78dbbd4aa5a4c,青橙胶片,青橙胶片_00,train,0
rcp_5f1add2a8a33f71c,青橙胶片,青橙胶片_00,train,0
rcp_5f1e0aa3d015e569,青橙复古,青橙复古_02,train,0
rcp_5f3ae8b0463e1db3,黑白全色相,黑白全色相_00,train,0
rcp_5f40c92bdcf04b37,青橙胶片,青橙胶片_01,train,0
rcp_5f4d5292b1e59c62,低饱和复古,低饱和复古_03,train,0
rcp_5f546fcb1063bc0b,高亮暖调,高亮暖调_09,train,0
rcp_5f616fea7e04b4a4,胶片复古,胶片复古_04,train,0
rcp_5f78c3a2ec4a73c4,青橙低饱和,青橙低饱和_05,train,0
rcp_5f7dceafc4a6051c,胶片复古,胶片复古_04,train,0
rcp_5f8f068a38e944a1,暖调胶片,暖调胶片_05,train,0
rcp_5f91634bec7b44f4,高亮复古,高亮复古_06,train,0
rcp_5fa67cbde2ff7800,暖调高亮,暖调高亮_04,train,0
rcp_5fb188afb877456f,低饱和冷调,低饱和冷调_01,train,0
rcp_5fb725c33c046ab2,高饱和暖调,高饱和暖调_00,train,0
rcp_5fb8b66aa5518f1e,高亮冷调,高亮冷调_01,train,0
rcp_5fc5bf41541ba5d1,青绿胶片,青绿胶片_01,train,0
rcp_5fd54ad856452f39,压暗胶片,压暗胶片_02,train,0
rcp_5ff5530d38e4f7ca,胶片青橙,胶片青橙_04,train,0
rcp_6012ae11671dbed6,青橙低饱和,青橙低饱和_05,train,0
rcp_6022d85ab5fb7d9a,青橙胶片,青橙胶片_00,train,0
rcp_602495296d92251e,暖调品红,暖调品红_06,train,0
rcp_606fb9b787a44a55,青橙低饱和,青橙低饱和_06,train,0
rcp_6092b87e1adbe2ee,青橙胶片,青橙胶片_01,train,0
rcp_609d116c15aaec6d,高饱和暖调,高饱和暖调_00,train,0
rcp_60a304d05397d3bb,冷调高亮,冷调高亮_04,train,0
rcp_60ad8f18899e6b91,胶片复古,胶片复古_04,train,0
rcp_60aebd298fb13b73,黑白全色相,黑白全色相_01,train,0
rcp_60afd5e09c47c198,胶片复古,胶片复古_04,train,0
rcp_60c7ad65e5fd609e,高亮暖调,高亮暖调_10,train,0
rcp_60dab4a5d329929b,冷调复古,冷调复古_03,train,0
rcp_60e8175fb663d30e,青橙胶片,青橙胶片_00,train,0
rcp_60e9b26f54cd9716,高饱和暖调,高饱和暖调_00,train,0
rcp_60f9bac15d1ae054,青橙低饱和,青橙低饱和_06,train,0
rcp_61089737a0a9203b,胶片复古,胶片复古_00,train,0
rcp_610c6b65d19750a4,青橙胶片,青橙胶片_00,train,0
rcp_612462290cc2bd0d,胶片青橙,胶片青橙_04,train,0
rcp_612e77673e215281,压暗胶片,压暗胶片_02,train,0
rcp_61357b65c1617df8,黑白全色相,黑白全色相_00,train,0
rcp_6186abfe76c8619a,青橙胶片,青橙胶片_01,train,0
rcp_618ec9782ba19079,青橙胶片,青橙胶片_00,train,0
rcp_619c9f3dd9528254,品红复古,品红复古_02,train,0
rcp_619d520d2bb17b59,高亮清透,高亮清透_01,train,0
rcp_61b3ede1a5129d1a,压暗胶片,压暗胶片_02,train,0
rcp_61cd9237a6b58aa1,黑白全色相,黑白全色相_01,train,0
rcp_61ce3f367dc690bd,高饱和暖调,高饱和暖调_00,train,0
rcp_61de71edf9f2f2d0,压暗胶片,压暗胶片_02,train,0
rcp_61f1fce4262d2e08,青橙胶片,青橙胶片_01,train,0
rcp_620d4d4c19b2aed1,胶片青橙,胶片青橙_04,train,0
rcp_62376441a02c4ac3,低饱和复古,低饱和复古_03,train,0
rcp_6243c66903c3abd1,胶片复古,胶片复古_04,train,0
rcp_6294fa3ccd41e70e,暖调高亮,暖调高亮_04,train,0
rcp_62bca7a0550a4569,青橙胶片,青橙胶片_00,train,0
rcp_62c5bed17755303e,压暗胶片,压暗胶片_02,train,0
rcp_62f63bda26024813,高亮复古,高亮复古_05,train,0
rcp_631a88dc96c32c2f,胶片青橙,胶片青橙_04,train,0
rcp_633657e25056fb71,低饱和复古,低饱和复古_03,train,0
rcp_63477d83a1420cd1,胶片青绿,胶片青绿_00,train,0
rcp_6349a8cbadf7301d,高亮暖调,高亮暖调_09,train,0
rcp_6360a7e29cc39e86,复古胶片,复古胶片_03,train,0
rcp_63657a521b29887f,高饱和暖调,高饱和暖调_00,train,0
rcp_636cbabec2ef375c,青橙胶片,青橙胶片_01,train,0
rcp_636e8be66eaf7f57,胶片复古,胶片复古_00,train,0
rcp_6384e4438984b54a,高亮清透,高亮清透_01,train,0
rcp_63b8d245953dd100,青绿胶片,青绿胶片_01,train,0
rcp_63dc7760a1923e5a,青绿高亮,青绿高亮_02,train,0
rcp_63ebc6a5e6d53a21,黑白去色,黑白去色_02,train,0
rcp_6433194462889f48,青橙胶片,青橙胶片_01,train,0
rcp_64454e670c7a4c55,黑白全色相,黑白全色相_01,train,0
rcp_6447cf6f0a9468ec,高亮暖调,高亮暖调_09,train,0
rcp_6486098a2fa1442c,青橙复古,青橙复古_02,train,0
rcp_648bc1f80b8555f6,高亮暖调,高亮暖调_02,train,0
rcp_648efbbb97b061ed,青橙胶片,青橙胶片_00,train,0
rcp_64993084fa4cd5bf,暖调复古,暖调复古_00,train,0
rcp_64c53196c134e399,复古胶片,复古胶片_03,train,0
rcp_64d2ccd7d9680c40,青橙胶片,青橙胶片_01,train,0
rcp_64d5194bee2815f2,低饱和复古,低饱和复古_03,train,0
rcp_6507440e27ddbedc,高亮暖调,高亮暖调_02,train,0
rcp_65128c30ce852a87,压暗胶片,压暗胶片_02,train,0
rcp_65188f0d4c796a3d,青橙复古,青橙复古_05,train,0
rcp_651cb2aff3be800e,胶片青橙,胶片青橙_04,train,0
rcp_6525ef70297be83a,暖调品红,暖调品红_06,train,0
rcp_6526dad1525feffa,青橙胶片,青橙胶片_00,train,0
rcp_653902e562cf3a67,青橙胶片,青橙胶片_00,train,0
rcp_655ce1c7f0667c99,暖调品红,暖调品红_06,train,0
rcp_657e499779427ab4,胶片青橙,胶片青橙_04,train,0
rcp_65b7f48b446e5b6d,高饱和暖调,高饱和暖调_00,train,0
rcp_65bb83754f6f8134,暖调胶片,暖调胶片_05,train,0
rcp_65d25e0ad1caa690,暖调胶片,暖调胶片_05,train,0
rcp_65de6eeee714a17a,高亮清透,高亮清透_01,train,0
rcp_65e0ee594cb4dcdd,黑白全色相,黑白全色相_01,train,0
rcp_65ffab977f2e58fd,青橙暗调,青橙暗调_02,train,0
rcp_66194261f8ae0417,高亮清透,高亮清透_01,train,0
rcp_66237851e569b196,青绿胶片,青绿胶片_01,train,0
rcp_66257096aa8f3ea1,压暗胶片,压暗胶片_02,train,0
rcp_663abc0823d65a70,青橙胶片,青橙胶片_01,train,0
rcp_663cf88dc75db177,青橙胶片,青橙胶片_00,train,0
rcp_664e61331f13b703,暖调胶片,暖调胶片_05,train,0
rcp_668923a1ced541d9,暖调胶片,暖调胶片_05,train,0
rcp_669251a10c5a7362,暖调复古,暖调复古_01,train,0
rcp_66a8a37675786fe3,暖调品红,暖调品红_01,train,0
rcp_66b61e5586380c74,低饱和复古,低饱和复古_03,train,0
rcp_66bd3f48221b34f4,暖调品红,暖调品红_06,train,0
rcp_66cd812c7efc8970,暖调复古,暖调复古_04,train,0
rcp_66e088eeca4d5f42,青橙胶片,青橙胶片_00,train,0
rcp_66e28b1bb7b58a09,胶片复古,胶片复古_04,train,0
rcp_66e8a4b54f0ef724,青橙胶片,青橙胶片_01,train,0
rcp_66ecf4484894efe9,青橙复古,青橙复古_07,train,0
rcp_66f6e096b76ef11b,撞色暖调,撞色暖调_06,train,0
rcp_66f8c65fc0fc29db,青橙暗调,青橙暗调_06,train,0
rcp_66f97046106b77eb,高亮冷调,高亮冷调_01,train,0
rcp_67201b37b05b4872,高亮清透,高亮清透_01,train,0
rcp_672ee489018c4189,青橙复古,青橙复古_05,train,0
rcp_6731f096c6abee3d,冷调高亮,冷调高亮_04,train,0
rcp_673c5127481cd854,黑白去色,黑白去色_02,train,0
rcp_6746b947c8c1ca3f,复古胶片,复古胶片_03,train,0
rcp_6769a3649ab99d11,胶片青橙,胶片青橙_04,train,0
rcp_677ecd5aa83266f1,暖调品红,暖调品红_06,train,0
rcp_6794d8ce4253ab47,高亮冷调,高亮冷调_02,train,0
rcp_679925e1720d0421,青橙胶片,青橙胶片_00,train,0
rcp_67ce2ccd582e6835,高亮清透,高亮清透_01,train,0
rcp_67f24fbac5e650eb,高亮青绿,高亮青绿_04,train,0
rcp_67feb8664aadaf56,暖调复古,暖调复古_00,train,0
rcp_681cb934fe81364c,高亮暖调,高亮暖调_02,train,0
rcp_68264dc1ec797795,黑白全色相,黑白全色相_01,train,0
rcp_683869c6596cbb2a,青橙胶片,青橙胶片_00,train,0
rcp_683c1426f0d144f1,胶片青橙,胶片青橙_04,train,0
rcp_686211f0a0cfa33b,青橙胶片,青橙胶片_01,train,0
rcp_687f0b8ec39706ec,高亮暖调,高亮暖调_02,train,0
rcp_68943256b547b451,低饱和复古,低饱和复古_03,train,0
rcp_68be8390764c4609,复古暖调,复古暖调_08,train,0
rcp_68c2edbe5f46d241,青橙复古,青橙复古_02,train,0
rcp_68c7d6e5145147c0,高饱和暖调,高饱和暖调_00,train,0
rcp_68d215ca4db49a8d,胶片青橙,胶片青橙_04,train,0
rcp_693a130204fa7cd6,高亮清透,高亮清透_01,train,0
rcp_693dcaa66912cfea,高亮暖调,高亮暖调_02,train,0
rcp_695a46e13c03edef,高亮清透,高亮清透_01,train,0
rcp_6970ed09520f88bf,青橙胶片,青橙胶片_00,train,0
rcp_6972219325cf3250,青橙胶片,青橙胶片_01,train,0
rcp_69779649a6c76767,青橙胶片,青橙胶片_00,train,0
rcp_69845fa23e2bf108,青橙复古,青橙复古_02,train,0
rcp_698aea74d8d353e0,复古暖调,复古暖调_00,train,0
rcp_69907a598b7eae57,低饱和复古,低饱和复古_03,train,0
rcp_699fbf57a7cda14b,撞色暖调,撞色暖调_06,train,0
rcp_69b165c791d52018,青橙胶片,青橙胶片_00,train,0
rcp_69b608b7868c9930,青橙胶片,青橙胶片_01,train,0
rcp_69bdb70a8ff568d0,青橙胶片,青橙胶片_00,train,0
rcp_69d5f7c46ea55157,黑白全色相,黑白全色相_01,train,0
rcp_69eb980dd6f94b9c,高饱和暖调,高饱和暖调_00,train,0
rcp_69fb5abf05e5e155,暖调复古,暖调复古_02,train,0
rcp_6a1e7904c34ba7fe,青绿高亮,青绿高亮_02,train,0
rcp_6a2c150dd2d034d1,暖调复古,暖调复古_00,train,0
rcp_6a3dee76167a9f82,胶片青绿,胶片青绿_00,train,0
rcp_6a46a3a7a6adb8e2,胶片青绿,胶片青绿_00,train,0
rcp_6a648d818d003a58,高饱和暖调,高饱和暖调_00,train,0
rcp_6a6d7ddaf790d252,低饱和复古,低饱和复古_03,train,0
rcp_6a72e57bf466d5eb,高亮青橙,高亮青橙_07,train,0
rcp_6a748939f0fc8f6e,黑白全色相,黑白全色相_00,train,0
rcp_6a82889705c4f2d7,胶片复古,胶片复古_04,train,0
rcp_6a8923fd9bd23d1b,高亮清透,高亮清透_01,train,0
rcp_6afd18062c9fea61,胶片青绿,胶片青绿_00,train,0
rcp_6b0be5f0fc406931,品红复古,品红复古_02,train,0
rcp_6b0ef675af7f07c1,复古胶片,复古胶片_03,train,0
rcp_6b1b63f3bbf52434,品红复古,品红复古_02,train,0
rcp_6b3ff24bcd99518c,撞色暖调,撞色暖调_06,train,0
rcp_6b45c59449eeb170,胶片青橙,胶片青橙_04,train,0
rcp_6b5ad4e1e174f4c1,低饱和复古,低饱和复古_03,train,0
rcp_6b998619b2928709,黑白全色相,黑白全色相_01,train,0
rcp_6bc234e61248f4fd,高饱和暖调,高饱和暖调_00,train,0
rcp_6be81928e12cc095,青橙胶片,青橙胶片_00,train,0
rcp_6bf779424de36055,高亮冷调,高亮冷调_01,train,0
rcp_6c0fe0736aea1443,复古胶片,复古胶片_03,train,0
rcp_6c28ddc7e98521ea,胶片复古,胶片复古_00,train,0
rcp_6c2ab4634986cf02,青橙胶片,青橙胶片_00,train,0
rcp_6c4762d9d1ee77fb,高亮清透,高亮清透_01,train,0
rcp_6c4880761cb1cf30,冷调复古,冷调复古_03,train,0
rcp_6c4c1c392b036cde,青橙胶片,青橙胶片_00,train,0
rcp_6c4f133b36524448,胶片复古,胶片复古_00,train,0
rcp_6c809c0a1fac38b8,暖调高亮,暖调高亮_04,train,0
rcp_6c951fe0513c8e7d,青橙胶片,青橙胶片_01,train,0
rcp_6cb563d2daeac2d1,撞色暖调,撞色暖调_06,train,0
rcp_6cc27be40de1a0ed,青绿高亮,青绿高亮_02,train,0
rcp_6cde4806e55e3760,暖调复古,暖调复古_01,train,0
rcp_6cf4bf45cafb9bb6,胶片复古,胶片复古_04,train,0
rcp_6d07da50792667e0,暖调品红,暖调品红_06,train,0
rcp_6d0924c7e34a42dd,暖调胶片,暖调胶片_05,train,0
rcp_6d42e583ec8e7291,压暗胶片,压暗胶片_02,train,0
rcp_6d774215a2a2321a,青橙胶片,青橙胶片_00,train,0
rcp_6d7f9e26079bb308,高饱和暖调,高饱和暖调_00,train,0
rcp_6d91e32c27a16632,高亮暖调,高亮暖调_10,train,0
rcp_6d99f30945535f04,高饱和暖调,高饱和暖调_00,train,0
rcp_6da561ac66abc498,胶片去色,胶片去色_05,train,0
rcp_6da8ce767b3bb7f8,青橙胶片,青橙胶片_00,train,0
rcp_6dadc85616b024e4,青橙低饱和,青橙低饱和_06,train,0
rcp_6db5ff89bb6e9548,暖调复古,暖调复古_02,train,0
rcp_6dc3270288ed76fd,暖调胶片,暖调胶片_05,train,0
rcp_6dc4884343283330,高亮清透,高亮清透_01,train,0
rcp_6dcdee8714b76bf8,青橙暖调,青橙暖调_08,train,0
rcp_6de3f5dd6cf95066,胶片复古,胶片复古_04,train,0
rcp_6df93d90a8110eb4,暖调胶片,暖调胶片_05,train,0
rcp_6e1d7082dd10fb70,黑白全色相,黑白全色相_00,train,0
rcp_6e2d380cc9fb807d,高亮冷调,高亮冷调_02,train,0
rcp_6e318ad404eb4170,暖调复古,暖调复古_01,train,0
rcp_6e4cc8bf2cc804f1,青橙胶片,青橙胶片_03,train,0
rcp_6e4f9ead14025244,青橙胶片,青橙胶片_01,train,0
rcp_6e732056226e2139,胶片复古,胶片复古_00,train,0
rcp_6e75ca90af5ff6dd,高饱和暖调,高饱和暖调_00,train,0
rcp_6eab44fa535df0e1,压暗胶片,压暗胶片_02,train,0
rcp_6ec40b78860d122e,复古胶片,复古胶片_03,train,0
rcp_6ec6dc46f9a5325b,暖调高亮,暖调高亮_07,train,0
rcp_6ecbae5129fe42b6,胶片复古,胶片复古_04,train,0
rcp_6ecd207374202b6c,胶片青绿,胶片青绿_00,train,0
rcp_6ef25e86cc1c6a27,高亮暖调,高亮暖调_02,train,0
rcp_6efbec288269d72f,青橙复古,青橙复古_02,train,0
rcp_6f1fbd6635679c0c,高亮暖调,高亮暖调_09,train,0
rcp_6f38f678a21bc3b0,胶片复古,胶片复古_04,train,0
rcp_6f558ea862172d08,高亮暖调,高亮暖调_07,train,0
rcp_6f7dc5dbf9dd5f13,胶片青橙,胶片青橙_04,train,0
rcp_6f89603a8711e12e,胶片复古,胶片复古_00,train,0
rcp_6f8e15b75bcf771a,高亮暖调,高亮暖调_02,train,0
rcp_6f90b9e1cc00f144,高亮清透,高亮清透_01,train,0
rcp_6f98e464debc8983,压暗胶片,压暗胶片_02,train,0
rcp_6f9c2813a0dcebe8,青橙复古,青橙复古_05,train,0
rcp_6fc3cf783f7fe0d2,高饱和暖调,高饱和暖调_00,train,0
rcp_6feb061b2bc0d84d,青橙胶片,青橙胶片_00,train,0
rcp_7025d16985297712,胶片复古,胶片复古_04,train,0
rcp_70428e90e46fc657,低饱和复古,低饱和复古_03,train,0
rcp_706412ea37562bce,低饱和复古,低饱和复古_03,train,0
rcp_70665798efe17893,胶片青绿,胶片青绿_00,train,0
rcp_706bbea386565b99,暖调复古,暖调复古_01,train,0
rcp_70c61d1be94538d5,暖调品红,暖调品红_05,train,0
rcp_70cd51c3c87073db,压暗胶片,压暗胶片_02,train,0
rcp_70d382c8a7409c83,暖调复古,暖调复古_00,train,0
rcp_70da49f1fe4dec4b,高饱和暖调,高饱和暖调_00,train,0
rcp_70f89996bee1de7f,高亮清透,高亮清透_01,train,0
rcp_7112017148bee5ff,胶片青绿,胶片青绿_00,train,0
rcp_71177d31200488a6,胶片青橙,胶片青橙_04,train,0
rcp_711b562e3e2026b4,青绿胶片,青绿胶片_01,train,0
rcp_7122eb6ec880df69,暖调复古,暖调复古_01,train,0
rcp_712ad8fe6ad1b30f,青橙胶片,青橙胶片_01,train,0
rcp_7152872bb9df6a7d,高亮暖调,高亮暖调_02,train,0
rcp_71696508a6431e1e,胶片青橙,胶片青橙_04,train,0
rcp_7190f3d94832da02,青橙胶片,青橙胶片_00,train,0
rcp_7195dd83cda1a8ad,青橙复古,青橙复古_02,train,0
rcp_719a120bab37b193,青绿胶片,青绿胶片_01,train,0
rcp_71a9410982c53609,青橙胶片,青橙胶片_01,train,0
rcp_71cb91c9b1dead68,胶片青橙,胶片青橙_04,train,0
rcp_720276b4f8e0ec4b,暖调复古,暖调复古_02,train,0
rcp_724c64a012c201d2,胶片青绿,胶片青绿_00,train,0
rcp_7251d2d3234700d6,低饱和复古,低饱和复古_03,train,0
rcp_7251fb21ee2a0605,黑白全色相,黑白全色相_00,train,0
rcp_72606e3d866c19a8,复古胶片,复古胶片_03,train,0
rcp_726d20f5cebcc413,青橙胶片,青橙胶片_00,train,0
rcp_7286c32a8af0c61f,低饱和复古,低饱和复古_03,train,0
rcp_728d4d19a9027089,暖调复古,暖调复古_01,train,0
rcp_72a08d35537127e9,青橙复古,青橙复古_05,train,0
rcp_72a81f8b4541913d,胶片复古,胶片复古_04,train,0
rcp_72ab6c544bd29ddc,暖调复古,暖调复古_02,train,0
rcp_72cdae8256ca639b,暖调低饱和,暖调低饱和_08,train,0
rcp_72de96a8466277e4,高亮清透,高亮清透_01,train,0
rcp_72f3e97f17a91d3f,暗调低饱和,暗调低饱和_06,train,0
rcp_72ff61949e1bd629,高亮青橙,高亮青橙_07,train,0
rcp_730851002763bbac,复古暖调,复古暖调_00,train,0
rcp_7348268745b37253,胶片青橙,胶片青橙_04,train,0
rcp_734ab1f7b59ce722,高亮复古,高亮复古_05,train,0
rcp_734d8f2f16d86f0c,压暗胶片,压暗胶片_02,train,0
rcp_737ee0e3bcd182d4,青橙胶片,青橙胶片_00,train,0
rcp_738d2d601c6a1209,胶片复古,胶片复古_00,train,0
rcp_73a15009a8857b35,复古胶片,复古胶片_03,train,0
rcp_73b409eefe5fb0e0,胶片复古,胶片复古_04,train,0
rcp_73bccdfb66b1bcd3,高亮暖调,高亮暖调_02,train,0
rcp_73ca5567d53d3802,压暗胶片,压暗胶片_02,train,0
rcp_73cefee80382dd4c,黑白全色相,黑白全色相_01,train,0
rcp_73f524af71d6033b,青橙胶片,青橙胶片_05,train,0
rcp_74057ce2127513cd,高亮清透,高亮清透_01,train,0
rcp_741b65c75cf8672a,高亮暖调,高亮暖调_02,train,0
rcp_74207aa0ca0d8eb5,暖调复古,暖调复古_01,train,0
rcp_742a8854088c1a10,胶片青绿,胶片青绿_00,train,0
rcp_7437be46eba265b3,青橙复古,青橙复古_02,train,0
rcp_74490b06658f82a8,青橙胶片,青橙胶片_00,train,0
rcp_747a92a089530a8c,青橙暗调,青橙暗调_00,train,0
rcp_7481892177be40a5,压暗胶片,压暗胶片_02,train,0
rcp_74993b2d606dfbe0,高亮暖调,高亮暖调_02,train,0
rcp_749eb0c6ecea5611,青橙胶片,青橙胶片_01,train,0
rcp_74deab3569277066,品红复古,品红复古_02,train,0
rcp_74f463cfff586eed,压暗胶片,压暗胶片_02,train,0
rcp_74f85f2157251fba,高饱和暖调,高饱和暖调_00,train,0
rcp_7501ce6ee490c87d,青橙胶片,青橙胶片_00,train,0
rcp_75060a066eba4a86,黑白全色相,黑白全色相_00,train,0
rcp_750ba5223427e8f7,青橙胶片,青橙胶片_01,train,0
rcp_75279674bf951af9,高饱和暖调,高饱和暖调_00,train,0
rcp_7537cd352266b12e,胶片复古,胶片复古_00,train,0
rcp_75460ff48286773b,暖调复古,暖调复古_00,train,0
rcp_754fca6aea1af753,青橙胶片,青橙胶片_01,train,0
rcp_7580e652a569c4c4,暖调复古,暖调复古_01,train,0
rcp_75ec365381340fb5,青橙胶片,青橙胶片_05,train,0
rcp_75fc4d43f1a559ad,胶片复古,胶片复古_04,train,0
rcp_7601c15ad4e1d986,暖调高亮,暖调高亮_05,train,0
rcp_760535b968ccadce,青橙胶片,青橙胶片_00,train,0
rcp_760a89f4ba80e926,胶片复古,胶片复古_04,train,0
rcp_76162c1c0e3073a8,青橙胶片,青橙胶片_01,train,0
rcp_7618a86b11edc14a,高亮清透,高亮清透_01,train,0
rcp_762034d6a9fd4221,胶片青橙,胶片青橙_04,train,0
rcp_76234892c35a4d99,暖调高亮,暖调高亮_04,train,0
rcp_762d771ccd874260,青绿胶片,青绿胶片_01,train,0
rcp_76512fa7d793ab53,青橙胶片,青橙胶片_01,train,0
rcp_76579e577eebf2bb,黑白全色相,黑白全色相_01,train,0
rcp_7658547301c2f0d8,青橙胶片,青橙胶片_01,train,0
rcp_765fbab061e3f416,低饱和复古,低饱和复古_03,train,0
rcp_766127a56b2f1083,青橙胶片,青橙胶片_01,train,0
rcp_766639f96a73e312,高饱和暖调,高饱和暖调_00,train,0
rcp_76a06375ae0244dd,低饱和复古,低饱和复古_03,train,0
rcp_76b3a024a777fc2e,青橙胶片,青橙胶片_00,train,0
rcp_76bce4ea006ccd28,高亮清透,高亮清透_01,train,0
rcp_76d4929f3977f8cd,高饱和暖调,高饱和暖调_00,train,0
rcp_76df859ff9e8f734,压暗胶片,压暗胶片_02,train,0
rcp_76e37823a49caa59,低饱和复古,低饱和复古_03,train,0
rcp_76ea992ce7855a10,高亮暖调,高亮暖调_02,train,0
rcp_76efaf487e072676,低饱和复古,低饱和复古_03,train,0
rcp_76f131f42b9baa33,高亮冷调,高亮冷调_01,train,0
rcp_77327ce084155e39,胶片青绿,胶片青绿_00,train,0
rcp_7736f5e37e3ca5bc,青橙胶片,青橙胶片_00,train,0
rcp_774c2ee936b8ddda,压暗胶片,压暗胶片_02,train,0
rcp_774d255431bf38c0,暖调高亮,暖调高亮_04,train,0
rcp_776419d5808d71b9,胶片青橙,胶片青橙_04,train,0
rcp_7791fd65ed5ac442,青橙复古,青橙复古_02,train,0
rcp_77ad8cc466f0e35c,冷调复古,冷调复古_03,train,0
rcp_77bec7ea9bee423e,青橙胶片,青橙胶片_01,train,0
rcp_77d9e472beaf0db6,暖调复古,暖调复古_01,train,0
rcp_77efb1375254f50c,高饱和暖调,高饱和暖调_00,train,0
rcp_77f418ddefd9f96f,青橙胶片,青橙胶片_01,train,0
rcp_780d63186fc8fc32,高亮清透,高亮清透_01,train,0
rcp_780fb823154fa155,青橙胶片,青橙胶片_00,train,0
rcp_781159813e94f071,暖调复古,暖调复古_01,train,0
rcp_78164389204921d8,高亮清透,高亮清透_01,train,0
rcp_781c827b7a6a7755,暖调高亮,暖调高亮_00,train,0
rcp_7834094dcc5a7d13,高亮青橙,高亮青橙_07,train,0
rcp_784c36594711c24d,青橙复古,青橙复古_02,train,0
rcp_785cd2f723c3cd64,青橙暗调,青橙暗调_06,train,0
rcp_7868fd44b7152968,青橙复古,青橙复古_07,train,0
rcp_787f39ed99d7c94d,青橙复古,青橙复古_02,train,0
rcp_7887ffc0cf8b8a45,黑白全色相,黑白全色相_01,train,0
rcp_78a1271b8e418733,胶片青橙,胶片青橙_04,train,0
rcp_78a958adca3787a2,暖调品红,暖调品红_06,train,0
rcp_78b205b56d718d92,冷调青绿,冷调青绿_00,train,0
rcp_78b5af93af78783a,青橙暗调,青橙暗调_06,train,0
rcp_78e061a61df42e06,压暗胶片,压暗胶片_02,train,0
rcp_790295e8c8da7204,高亮复古,高亮复古_05,train,0
rcp_7909374c87b3d7a4,高饱和暖调,高饱和暖调_00,train,0
rcp_790cd95601675977,高亮青绿,高亮青绿_04,train,0
rcp_792c6e3d29990821,高亮暖调,高亮暖调_09,train,0
rcp_792ecc2174221291,黑白全色相,黑白全色相_06,train,0
rcp_793303d31cb914dc,品红复古,品红复古_02,train,0
rcp_794538911edef49b,暖调高亮,暖调高亮_04,train,0
rcp_79522e1b3fe24cde,青橙胶片,青橙胶片_00,train,0
rcp_796e3b76d52588e5,胶片青绿,胶片青绿_00,train,0
rcp_7975149c29f05f05,青橙胶片,青橙胶片_01,train,0
rcp_798313da5988d241,胶片复古,胶片复古_04,train,0
rcp_798552d3a21e4cc9,压暗胶片,压暗胶片_02,train,0
rcp_79a80f348b7d4491,压暗胶片,压暗胶片_02,train,0
rcp_79bf3ef5a685bc57,青橙胶片,青橙胶片_00,train,0
rcp_79c525709ce05e06,青橙胶片,青橙胶片_00,train,0
rcp_79e55d7603c96650,青橙复古,青橙复古_02,train,0
rcp_7a0b85c74c634258,青橙复古,青橙复古_02,train,0
rcp_7a189b38aa42d0fd,压暗胶片,压暗胶片_02,train,0
rcp_7a24c36a44c7ac59,高亮暖调,高亮暖调_10,train,0
rcp_7a2b76980fd4f5f3,撞色暖调,撞色暖调_06,train,0
rcp_7a5a1173c886fbe3,高亮复古,高亮复古_05,train,0
rcp_7a69317ad0b5f25f,压暗胶片,压暗胶片_02,train,0
rcp_7a716a376f98dc65,青橙胶片,青橙胶片_00,train,0
rcp_7a7dbe76b7371fd4,撞色暖调,撞色暖调_06,train,0
rcp_7a8408c20c5d6e9c,青橙复古,青橙复古_02,train,0
rcp_7a8edd6d8a38b7cb,暖调复古,暖调复古_01,train,0
rcp_7a9acd9d7f86b7a5,胶片复古,胶片复古_04,train,0
rcp_7aa5eed5d6e4f4a5,低饱和复古,低饱和复古_03,train,0
rcp_7aa765413b7c09d0,复古胶片,复古胶片_03,train,0
rcp_7ab898cd7c77b886,胶片复古,胶片复古_00,train,0
rcp_7b1f3f661578974a,黑白全色相,黑白全色相_01,train,0
rcp_7b34c130c3c83392,高亮清透,高亮清透_01,train,0
rcp_7b35dc232c54fc9d,高亮复古,高亮复古_06,train,0
rcp_7b38eb5c2f01ea61,高亮清透,高亮清透_01,train,0
rcp_7b3ac35cb5842606,冷调复古,冷调复古_03,train,0
rcp_7b497afe70522c47,复古暖调,复古暖调_00,train,0
rcp_7b4aa06c3fd8163b,黑白全色相,黑白全色相_00,train,0
rcp_7b4f58fc90c887aa,青橙胶片,青橙胶片_01,train,0
rcp_7b58e55a07876410,高亮暖调,高亮暖调_02,train,0
rcp_7b5c961336dd15dc,胶片青绿,胶片青绿_00,train,0
rcp_7b5e77bd1c1405a3,黑白全色相,黑白全色相_01,train,0
rcp_7b685870dd43c0e5,暖调胶片,暖调胶片_05,train,0
rcp_7b6dfce23c4a2296,胶片青橙,胶片青橙_04,train,0
rcp_7bb3d6eddf4e6c0e,高饱和暖调,高饱和暖调_00,train,0
rcp_7bd5df167ec32c7e,胶片青橙,胶片青橙_04,train,0
rcp_7be15f1b6142575b,复古暖调,复古暖调_08,train,0
rcp_7c0e89a3ba211e1e,暖调胶片,暖调胶片_05,train,0
rcp_7c2bec5ee7427675,高亮暖调,高亮暖调_02,train,0
rcp_7c37c4ee3b98c645,青橙复古,青橙复古_02,train,0
rcp_7c55cbfae071fcff,青橙胶片,青橙胶片_00,train,0
rcp_7c5fe284a8b4b87f,胶片复古,胶片复古_04,train,0
rcp_7c606696ac00a083,撞色暖调,撞色暖调_06,train,0
rcp_7c99be159355f185,低饱和复古,低饱和复古_03,train,0
rcp_7cad46b2473c21b9,品红复古,品红复古_02,train,0
rcp_7cb607ea147ce3a8,低饱和复古,低饱和复古_03,train,0
rcp_7cb90c901a1d5cec,胶片复古,胶片复古_04,train,0
rcp_7cbbd18e72716036,青橙胶片,青橙胶片_05,train,0
rcp_7d0ff7d1141398ac,高亮清透,高亮清透_01,train,0
rcp_7d1021284a13fc11,胶片复古,胶片复古_04,train,0
rcp_7d3037b166189148,青橙复古,青橙复古_05,train,0
rcp_7d32ccd7851502b6,压暗胶片,压暗胶片_02,train,0
rcp_7d37966cc8d48a60,高亮冷调,高亮冷调_01,train,0
rcp_7d43c758e98d0b06,高亮暖调,高亮暖调_02,train,0
rcp_7d682d4c8bdc5a8b,复古暖调,复古暖调_03,train,0
rcp_7d6a52b38a0fa06a,撞色暖调,撞色暖调_06,train,0
rcp_7d79cb12d7fc7cba,高饱和暖调,高饱和暖调_00,train,0
rcp_7d82507ebdedac7e,高饱和暖调,高饱和暖调_00,train,0
rcp_7d85f688f034de22,青橙胶片,青橙胶片_05,train,0
rcp_7d9f8a4d9b0674eb,低饱和复古,低饱和复古_03,train,0
rcp_7da3d09df84147c2,黑白全色相,黑白全色相_01,train,0
rcp_7de1afc47798202a,青橙复古,青橙复古_02,train,0
rcp_7e01d49493b8001a,胶片青橙,胶片青橙_04,train,0
rcp_7e0f07f8a89174ca,暖调高亮,暖调高亮_05,train,0
rcp_7e14e1ecee8b8c8b,青橙胶片,青橙胶片_01,train,0
rcp_7e2bebb1c51c7998,高饱和暖调,高饱和暖调_00,train,0
rcp_7e49e1319168e9f8,胶片青橙,胶片青橙_04,train,0
rcp_7e556d744803c62a,高亮清透,高亮清透_01,train,0
rcp_7e5e8df89ee6b102,高亮暖调,高亮暖调_02,train,0
rcp_7e9afc38dc1d6565,低饱和冷调,低饱和冷调_01,train,0
rcp_7e9f51254414c7a9,高饱和暖调,高饱和暖调_00,train,0
rcp_7ed173de2d6e4eae,高饱和暖调,高饱和暖调_00,train,0
rcp_7ee2dd06d744dd74,高亮清透,高亮清透_01,train,0
rcp_7eef1160a7cad117,高亮复古,高亮复古_05,train,0
rcp_7f0b89237fbc0571,高亮清透,高亮清透_01,train,0
rcp_7f16645598da4fcc,胶片复古,胶片复古_04,train,0
rcp_7f2e422ecb4c20be,青橙复古,青橙复古_05,train,0
rcp_7f35109f79fb754f,青橙胶片,青橙胶片_00,train,0
rcp_7f4d633859f60d3c,青橙胶片,青橙胶片_01,train,0
rcp_7f53aed11e867cf1,青橙胶片,青橙胶片_01,train,0
rcp_7f5612beac99f7fe,胶片复古,胶片复古_04,train,0
rcp_7f7044ac04a668c9,冷调复古,冷调复古_03,train,0
rcp_7f7da232d37d653e,低饱和复古,低饱和复古_03,train,0
rcp_7f84166a0ba9ba84,青绿胶片,青绿胶片_01,train,0
rcp_7f8d93cc88a8f85e,胶片青橙,胶片青橙_04,train,0
rcp_7f92dd4694824964,高亮冷调,高亮冷调_01,train,0
rcp_7faa68878c3eab6e,高亮复古,高亮复古_05,train,0
rcp_7fdb13b6febf7a22,压暗胶片,压暗胶片_02,train,0
rcp_7fdff1d29c5b4f1b,低饱和复古,低饱和复古_03,train,0
rcp_7fe989d8243a5987,高亮冷调,高亮冷调_03,train,0
rcp_7ff316225dcf923e,暖调胶片,暖调胶片_05,train,0
rcp_7ff4881776b65846,胶片青橙,胶片青橙_04,train,0
rcp_7fff0133a5afb200,黑白全色相,黑白全色相_00,train,0
rcp_7fff95685251f5aa,暖调高亮,暖调高亮_04,train,0
rcp_80095755cfb2723e,高亮青绿,高亮青绿_04,train,0
rcp_800e77d252543ec1,高亮清透,高亮清透_01,train,0
rcp_801537bb7b10a7ea,青绿高亮,青绿高亮_02,train,0
rcp_8045a6b45cc2acfd,暖调复古,暖调复古_04,train,0
rcp_80633a52043943a9,高饱和暖调,高饱和暖调_00,train,0
rcp_8067b6c17c70678a,青橙胶片,青橙胶片_01,train,0
rcp_80812b62124b5a14,低饱和复古,低饱和复古_03,train,0
rcp_80816a11cc41313d,青橙胶片,青橙胶片_01,train,0
rcp_8083140688bbdee2,青橙胶片,青橙胶片_00,train,0
rcp_80aa974c84d5909b,青橙胶片,青橙胶片_00,train,0
rcp_80b273a7b435a070,压暗胶片,压暗胶片_02,train,0
rcp_80c86dfd600054a2,青橙复古,青橙复古_07,train,0
rcp_80c915b97a33eb52,复古暖调,复古暖调_03,train,0
rcp_80d05e477fd644a3,青橙复古,青橙复古_02,train,0
rcp_80ea064a077e24e3,压暗胶片,压暗胶片_02,train,0
rcp_81007a2025df2b3f,黑白全色相,黑白全色相_01,train,0
rcp_8127be01f42ac605,胶片复古,胶片复古_00,train,0
rcp_8158b0a63adce441,冷调青绿,冷调青绿_00,train,0
rcp_815efe57bd0bd04c,胶片青橙,胶片青橙_04,train,0
rcp_81744953cbc5767b,黑白全色相,黑白全色相_00,train,0
rcp_8180d9cc193dac8f,复古暖调,复古暖调_03,train,0
rcp_819c0f806a5b1ed2,高饱和暖调,高饱和暖调_00,train,0
rcp_81a8be37547c0bb9,胶片复古,胶片复古_00,train,0
rcp_81c323cfe0cacc98,复古胶片,复古胶片_03,train,0
rcp_81c65587c31951a3,品红复古,品红复古_02,train,0
rcp_81cedf37663a8ce2,青橙胶片,青橙胶片_01,train,0
rcp_81f485beb7e66eda,黑白去色,黑白去色_02,train,0
rcp_8207d0c93cfe0d3f,高亮复古,高亮复古_06,train,0
rcp_822bdeb50931861b,高饱和暖调,高饱和暖调_00,train,0
rcp_82474b434f744413,胶片复古,胶片复古_04,train,0
rcp_8251a9f4b5808364,暖调复古,暖调复古_01,train,0
rcp_82c20532e9650788,胶片复古,胶片复古_00,train,0
rcp_82c68c02426bbc6d,低饱和复古,低饱和复古_03,train,0
rcp_830423696bc49774,青橙复古,青橙复古_02,train,0
rcp_830a2417e083dfb3,青绿胶片,青绿胶片_01,train,0
rcp_8336334bf126ed4e,青橙胶片,青橙胶片_00,train,0
rcp_838097a9a25972d6,暖调高亮,暖调高亮_04,train,0
rcp_83878a918db39e79,暖调胶片,暖调胶片_05,train,0
rcp_83a6a8bf2827257e,青橙复古,青橙复古_05,train,0
rcp_83a92e7c93f0bdaa,黑白去色,黑白去色_02,train,0
rcp_83ab28433b02c53c,暖调品红,暖调品红_06,train,0
rcp_83b2999cf8b629d5,青橙胶片,青橙胶片_00,train,0
rcp_83b796db5f6f91bd,黑白全色相,黑白全色相_01,train,0
rcp_83baa56e02b185fd,胶片青橙,胶片青橙_04,train,0
rcp_840a693c2a177b23,青橙暗调,青橙暗调_00,train,0
rcp_8414080a23c64a99,青橙胶片,青橙胶片_01,train,0
rcp_841f02a2e9afe8df,高亮青绿,高亮青绿_04,train,0
rcp_843b26d8f15c18b9,青橙胶片,青橙胶片_00,train,0
rcp_844b923f41cb24ee,胶片复古,胶片复古_04,train,0
rcp_845e9b4b3357c9d2,暖调高亮,暖调高亮_05,train,0
rcp_848a991114a80013,高亮复古,高亮复古_05,train,0
rcp_849313ea500bb989,青橙复古,青橙复古_05,train,0
rcp_84b18f48a6766f9d,青橙复古,青橙复古_02,train,0
rcp_84b1ac9ec06fd455,胶片复古,胶片复古_00,train,0
rcp_84eca0c676b4f0d7,青绿胶片,青绿胶片_01,train,0
rcp_850b4630f3c2c70b,青橙复古,青橙复古_02,train,0
rcp_85539e2c6a62afd5,高亮冷调,高亮冷调_01,train,0
rcp_8572222ca4d31d88,青橙胶片,青橙胶片_01,train,0
rcp_8583dac4c7a790ea,高亮清透,高亮清透_01,train,0
rcp_85888e58792a9273,品红复古,品红复古_02,train,0
rcp_858a018632ce4d99,胶片青橙,胶片青橙_04,train,0
rcp_858f25e233ccff3a,暖调高亮,暖调高亮_04,train,0
rcp_859a7a0a9cc4db90,青橙胶片,青橙胶片_01,train,0
rcp_85a9ec2c6bb82556,高饱和暖调,高饱和暖调_00,train,0
rcp_85d61a871eb761d1,青橙复古,青橙复古_02,train,0
rcp_85f779d1b8bb8e12,暖调高亮,暖调高亮_05,train,0
rcp_85ffd91061c000c3,暖调胶片,暖调胶片_05,train,0
rcp_86031710e2219fc3,青橙胶片,青橙胶片_01,train,0
rcp_860d1a3cb49c7f56,高饱和暖调,高饱和暖调_00,train,0
rcp_860ef4364b1e2a80,青橙复古,青橙复古_05,train,0
rcp_86189b58e41acdfd,暖调品红,暖调品红_06,train,0
rcp_86343f00c78af74a,复古暖调,复古暖调_03,train,0
rcp_8640b6fce5a513a1,暖调高亮,暖调高亮_04,train,0
rcp_8642cdf001014cd5,胶片复古,胶片复古_04,train,0
rcp_864cfd6036327dee,暖调胶片,暖调胶片_05,train,0
rcp_865a72d5d525aba3,青橙复古,青橙复古_02,train,0
rcp_8670e0affcf2c89a,复古暖调,复古暖调_03,train,0
rcp_86822d3c6d49c397,低饱和冷调,低饱和冷调_01,train,0
rcp_869ea702f21a0e6c,胶片青橙,胶片青橙_04,train,0
rcp_86a6a340b0d17f27,青橙复古,青橙复古_02,train,0
rcp_86ae1aba513f2b5b,胶片复古,胶片复古_04,train,0
rcp_86b816218aafca83,冷调青绿,冷调青绿_00,train,0
rcp_86ca92585b11e47a,高亮清透,高亮清透_01,train,0
rcp_86cf423e64ba778d,青橙胶片,青橙胶片_00,train,0
rcp_86f16fb43f979ee8,青橙胶片,青橙胶片_00,train,0
rcp_86f2a127a8ca36aa,暖调胶片,暖调胶片_05,train,0
rcp_86f96b0503dd212c,青橙胶片,青橙胶片_00,train,0
rcp_86fad9b5b6e45409,胶片青橙,胶片青橙_04,train,0
rcp_86fed4efb9fbace2,低饱和复古,低饱和复古_03,train,0
rcp_8704bb6c04afd290,青绿胶片,青绿胶片_01,train,0
rcp_8729c757fbce1cac,黑白全色相,黑白全色相_01,train,0
rcp_872aaf09de71fb5b,青橙胶片,青橙胶片_00,train,0
rcp_8743004269d3b327,冷调高亮,冷调高亮_04,train,0
rcp_87542c2b9b7ef909,青橙低饱和,青橙低饱和_06,train,0
rcp_87585f5e2271d032,青橙胶片,青橙胶片_00,train,0
rcp_877aaf6761cfb148,青橙复古,青橙复古_07,train,0
rcp_87911a8a02e27ccf,暖调高亮,暖调高亮_04,train,0
rcp_879c589621ed310c,胶片青橙,胶片青橙_04,train,0
rcp_87a72aa3aa9473fc,胶片青绿,胶片青绿_00,train,0
rcp_87d4fe5b4b9823c0,高饱和暖调,高饱和暖调_00,train,0
rcp_87dbbfc9e09ff3fb,青橙胶片,青橙胶片_01,train,0
rcp_87e947e5ba9fb8df,青橙胶片,青橙胶片_01,train,0
rcp_88111b086b32b4e6,暖调胶片,暖调胶片_05,train,0
rcp_881ff7cca4071aeb,青橙胶片,青橙胶片_00,train,0
rcp_882d29c56192d2b6,青橙胶片,青橙胶片_00,train,0
rcp_8838b52ecd5185fc,胶片青橙,胶片青橙_04,train,0
rcp_88512371b6c060ae,高亮暖调,高亮暖调_02,train,0
rcp_887eb0115b3d336f,胶片青橙,胶片青橙_04,train,0
rcp_887f529f864b52f2,低饱和复古,低饱和复古_03,train,0
rcp_888c5b94caa8a9ec,青橙胶片,青橙胶片_05,train,0
rcp_88b320e78bb6de6d,青橙胶片,青橙胶片_01,train,0
rcp_88b3a73c6d745752,高饱和暖调,高饱和暖调_00,train,0
rcp_88bbe7d1d8e0ce93,胶片复古,胶片复古_04,train,0
rcp_88ca5ee4058e643e,青橙胶片,青橙胶片_00,train,0
rcp_88d0f6cb7491b31a,青橙胶片,青橙胶片_00,train,0
rcp_8912aab99e936e5e,复古青橙,复古青橙_03,train,0
rcp_891765c58ea451b6,胶片青绿,胶片青绿_00,train,0
rcp_8928e4c75f489b73,高亮暖调,高亮暖调_02,train,0
rcp_894222e6b7a7c773,胶片复古,胶片复古_00,train,0
rcp_8953e1f9589e1f9d,青橙胶片,青橙胶片_00,train,0
rcp_895c04f42ac2e253,暖调复古,暖调复古_00,train,0
rcp_897ad5f62e664f87,低饱和复古,低饱和复古_03,train,0
rcp_8984c90169245a0b,青橙胶片,青橙胶片_01,train,0
rcp_8988e81b89be5878,黑白全色相,黑白全色相_01,train,0
rcp_898eaf65ae6d7c14,暖调复古,暖调复古_01,train,0
rcp_89a607e8de41adae,青橙胶片,青橙胶片_00,train,0
rcp_89b7b8e1037f4aa9,青绿胶片,青绿胶片_01,train,0
rcp_89ba249119f437a7,青橙复古,青橙复古_02,train,0
rcp_89c712f2ad836e32,暖调品红,暖调品红_06,train,0
rcp_89ec4d3eed87b271,青橙胶片,青橙胶片_01,train,0
rcp_8a111282841fe77f,压暗胶片,压暗胶片_02,train,0
rcp_8a12be1b0a2bade7,青橙胶片,青橙胶片_01,train,0
rcp_8a2dd25ca97c637e,青橙胶片,青橙胶片_00,train,0
rcp_8a33f2b7fe6b231a,低饱和复古,低饱和复古_03,train,0
rcp_8a4cccc92288e5ae,低饱和复古,低饱和复古_03,train,0
rcp_8a500a1389d20922,冷调复古,冷调复古_03,train,0
rcp_8a84a186ea174598,冷调复古,冷调复古_03,train,0
rcp_8a84c0e2bf395e5a,暖调胶片,暖调胶片_05,train,0
rcp_8a936c3eb59697f6,高饱和暖调,高饱和暖调_00,train,0
rcp_8a95f49eeaba8c63,暖调品红,暖调品红_06,train,0
rcp_8acda53138de90b0,青橙胶片,青橙胶片_00,train,0
rcp_8adee7476ad4370c,青橙胶片,青橙胶片_00,train,0
rcp_8af85b686ec56f2d,暖调高亮,暖调高亮_00,train,0
rcp_8b09a5e5713de92b,高饱和暖调,高饱和暖调_00,train,0
rcp_8b3a216d23f4813e,胶片青绿,胶片青绿_00,train,0
rcp_8b65944b635ad196,暖调品红,暖调品红_05,train,0
rcp_8b6c2a66b633b5c0,青橙复古,青橙复古_02,train,0
rcp_8b9056157790f1ad,低饱和复古,低饱和复古_03,train,0
rcp_8b964a9551532c78,暖调高亮,暖调高亮_04,train,0
rcp_8b9d10ea5b8bf31d,黑白全色相,黑白全色相_00,train,0
rcp_8ba114ca61716707,高亮复古,高亮复古_06,train,0
rcp_8ba2f88e6f3f697c,低饱和复古,低饱和复古_03,train,0
rcp_8ba5cdd894fb123f,青橙胶片,青橙胶片_00,train,0
rcp_8ba6b5e04fb352be,青橙胶片,青橙胶片_01,train,0
rcp_8bc61c4cdcb01cbd,暖调复古,暖调复古_02,train,0
rcp_8bcbd3a4c003f6de,青绿高亮,青绿高亮_02,train,0
rcp_8bd25f57af84e1b7,青橙胶片,青橙胶片_00,train,0
rcp_8bece0f97a552b67,高亮复古,高亮复古_05,train,0
rcp_8c08a431e540575c,青橙胶片,青橙胶片_01,train,0
rcp_8c2b572bbb0b94b9,青橙胶片,青橙胶片_01,train,0
rcp_8c442e1eefb2c852,青橙胶片,青橙胶片_01,train,0
rcp_8c54378a01a6d17e,高亮冷调,高亮冷调_01,train,0
rcp_8c618953f831785d,青绿胶片,青绿胶片_01,train,0
rcp_8c6400d42475854a,复古暖调,复古暖调_00,train,0
rcp_8c6b5ee5d7e64c05,高亮冷调,高亮冷调_01,train,0
rcp_8c8dafeebe9ffe76,胶片复古,胶片复古_04,train,0
rcp_8ca826f3d2843396,高亮复古,高亮复古_05,train,0
rcp_8cb72c47da33ac59,暖调复古,暖调复古_01,train,0
rcp_8cb949bedc4dfcf8,青橙胶片,青橙胶片_00,train,0
rcp_8cc2c99004efecf8,全色相黑白,全色相黑白_03,train,0
rcp_8cc98178fe26fa0c,胶片复古,胶片复古_04,train,0
rcp_8cd9896076df6e29,复古胶片,复古胶片_03,train,0
rcp_8ce33f3fc50ccb24,高饱和暖调,高饱和暖调_00,train,0
rcp_8ce52d5a87670b92,胶片复古,胶片复古_04,train,0
rcp_8cee884611adb209,冷调复古,冷调复古_03,train,0
rcp_8cfc2d211f09d536,高亮清透,高亮清透_01,train,0
rcp_8d0026bd01093c53,暖调高亮,暖调高亮_05,train,0
rcp_8d09e945e7fd2f00,暖调品红,暖调品红_06,train,0
rcp_8d2420d9be718fbe,青橙胶片,青橙胶片_00,train,0
rcp_8d2b9b81f1e1a172,暖调胶片,暖调胶片_05,train,0
rcp_8d497f7468e464b1,胶片复古,胶片复古_04,train,0
rcp_8d59ef117647a3dc,冷调复古,冷调复古_03,train,0
rcp_8d65f4f08a8b7e3b,胶片复古,胶片复古_04,train,0
rcp_8d769088d44849fd,青橙胶片,青橙胶片_00,train,0
rcp_8d8bcb4e61ab9c4f,胶片青绿,胶片青绿_00,train,0
rcp_8da17c016dfa0f7e,高亮暖调,高亮暖调_02,train,0
rcp_8da67f360dc6d6c5,青橙暗调,青橙暗调_00,train,0
rcp_8dd4fc7e05f5367b,高饱和暖调,高饱和暖调_00,train,0
rcp_8dd7538a67de7e3b,高亮青绿,高亮青绿_04,train,0
rcp_8dd935b6d4b7d4ee,青橙胶片,青橙胶片_01,train,0
rcp_8de30cfb7a40ed25,胶片复古,胶片复古_04,train,0
rcp_8df11bc763232457,暖调复古,暖调复古_01,train,0
rcp_8e1db78f2ed3ec94,青橙暗调,青橙暗调_06,train,0
rcp_8e232d24b6d19de9,暖调品红,暖调品红_01,train,0
rcp_8e3efa1986cbf508,青橙胶片,青橙胶片_00,train,0
rcp_8e4e388ade82e81f,青橙胶片,青橙胶片_05,train,0
rcp_8e607c22f3437a80,胶片复古,胶片复古_04,train,0
rcp_8e766b756380e606,青橙低饱和,青橙低饱和_06,train,0
rcp_8e827d9d144a4a03,低饱和复古,低饱和复古_03,train,0
rcp_8e86d9edcfd65402,胶片青绿,胶片青绿_00,train,0
rcp_8e879af9b91840a0,青橙胶片,青橙胶片_00,train,0
rcp_8eabb0b59867dd6a,高亮冷调,高亮冷调_01,train,0
rcp_8edba01f79299260,暖调复古,暖调复古_02,train,0
rcp_8edc54cbca7ff0e3,青橙胶片,青橙胶片_00,train,0
rcp_8ee161d8c6a28444,暖调高亮,暖调高亮_00,train,0
rcp_8f0a91898c940e90,青橙暗调,青橙暗调_00,train,0
rcp_8f0c1e7e850ee5a8,复古暖调,复古暖调_03,train,0
rcp_8f57cc508ca9f3c2,压暗胶片,压暗胶片_02,train,0
rcp_8f79488ec61ee3dc,暖调胶片,暖调胶片_05,train,0
rcp_8f80b9699f7a824e,青橙暗调,青橙暗调_00,train,0
rcp_8f96a8d415550b45,暖调品红,暖调品红_06,train,0
rcp_8f9ef44afc53e7f1,高亮复古,高亮复古_06,train,0
rcp_8fb2bd57d33aecc2,复古胶片,复古胶片_03,train,0
rcp_8fb4fd5a88f0ddc9,高亮清透,高亮清透_01,train,0
rcp_8fc375fc1cbd609e,胶片青绿,胶片青绿_00,train,0
rcp_8fdba2c005eac8e8,胶片复古,胶片复古_04,train,0
rcp_8fea978155d020b2,胶片复古,胶片复古_04,train,0
rcp_8feacbbd5e5ba247,胶片青橙,胶片青橙_04,train,0
rcp_8ffaeaf4b0e8d909,暖调复古,暖调复古_01,train,0
rcp_9001fab0cecd337b,高饱和冷调,高饱和冷调_04,train,0
rcp_900300d43886b225,暖调胶片,暖调胶片_05,train,0
rcp_900387ff149da4ce,黑白全色相,黑白全色相_07,train,0
rcp_9036ed4675d7f717,压暗胶片,压暗胶片_02,train,0
rcp_904bc7693c68b9c7,青橙胶片,青橙胶片_05,train,0
rcp_904ea94db6facd2b,胶片复古,胶片复古_00,train,0
rcp_907186f70974d5cf,压暗胶片,压暗胶片_02,train,0
rcp_90767a1b0cd1867b,青橙胶片,青橙胶片_00,train,0
rcp_908678baef4ac7bf,青橙复古,青橙复古_02,train,0
rcp_9088d32877178986,胶片青橙,胶片青橙_04,train,0
rcp_909d95b7d74504b1,青橙胶片,青橙胶片_03,train,0
rcp_91037d6a4a03859b,高饱和暖调,高饱和暖调_00,train,0
rcp_9104e34c2a73f491,暖调复古,暖调复古_02,train,0
rcp_91126df06f8afeaa,胶片青橙,胶片青橙_04,train,0
rcp_91516ffd3cb2e711,撞色暖调,撞色暖调_06,train,0
rcp_915861e64477edb2,青橙胶片,青橙胶片_00,train,0
rcp_916972eaaffcc055,压暗胶片,压暗胶片_02,train,0
rcp_9180c385281dc59b,青橙胶片,青橙胶片_05,train,0
rcp_919b92579751a05b,青橙胶片,青橙胶片_00,train,0
rcp_91a4bdf75ff47ee1,冷调复古,冷调复古_03,train,0
rcp_91a5c576bc4de473,青橙胶片,青橙胶片_05,train,0
rcp_91a7913eba113eb2,复古暖调,复古暖调_00,train,0
rcp_91a86989ccba98fc,青橙暗调,青橙暗调_02,train,0
rcp_91aed7a55d9805d4,高亮暖调,高亮暖调_02,train,0
rcp_91c49e29915ec5ee,青绿胶片,青绿胶片_01,train,0
rcp_91d6e2f917493126,高饱和暖调,高饱和暖调_00,train,0
rcp_91e77b32aafeaeb2,高亮复古,高亮复古_05,train,0
rcp_91e7bdcf05ac5cdb,青橙胶片,青橙胶片_00,train,0
rcp_920b41fd56dac1ba,暖调复古,暖调复古_01,train,0
rcp_921b41a837f3b620,青橙胶片,青橙胶片_00,train,0
rcp_9232a34f6407223f,胶片复古,胶片复古_04,train,0
rcp_92358c8bacaa2197,高饱和暖调,高饱和暖调_00,train,0
rcp_927e5b9ed2ee7ee6,青橙胶片,青橙胶片_00,train,0
rcp_9296467902bdd875,青橙复古,青橙复古_05,train,0
rcp_92c5e4fc452d3988,品红复古,品红复古_02,train,0
rcp_93047b0bedb4a4dd,高亮暖调,高亮暖调_10,train,0
rcp_932c9d27d884a1be,高亮暖调,高亮暖调_02,train,0
rcp_934b6ee61af5afbe,冷调复古,冷调复古_03,train,0
rcp_9350b464548931fa,青橙复古,青橙复古_05,train,0
rcp_9353542d042bbaee,青橙复古,青橙复古_02,train,0
rcp_9355d81a1e56d45e,青橙胶片,青橙胶片_01,train,0
rcp_93abe759912459c4,高亮暖调,高亮暖调_02,train,0
rcp_93c059988c0b1dde,暖调复古,暖调复古_01,train,0
rcp_93cbfbb009a92991,胶片青橙,胶片青橙_04,train,0
rcp_93f60068c635e0be,青橙复古,青橙复古_02,train,0
rcp_93fc81e5ea13f1f8,高亮清透,高亮清透_01,train,0
rcp_93fe0c858dc8787c,复古胶片,复古胶片_03,train,0
rcp_9405691c09cc601d,胶片复古,胶片复古_04,train,0
rcp_9406f2d31d7635ba,胶片青绿,胶片青绿_00,train,0
rcp_9412e31656120a4f,高亮暖调,高亮暖调_07,train,0
rcp_94153695306e23ad,黑白全色相,黑白全色相_01,train,0
rcp_9422a3da9c1267f6,暖调复古,暖调复古_01,train,0
rcp_94469f650a206cb3,冷调复古,冷调复古_03,train,0
rcp_94512470363519f3,青橙胶片,青橙胶片_00,train,0
rcp_945f3f85d76bbfd1,青橙胶片,青橙胶片_01,train,0
rcp_9468cad11ec383c8,高饱和暖调,高饱和暖调_00,train,0
rcp_94741e9211a2be62,高亮暖调,高亮暖调_09,train,0
rcp_947e00c15a9d2493,胶片复古,胶片复古_04,train,0
rcp_94848e7d7c63b24d,高亮清透,高亮清透_01,train,0
rcp_948738b837a36dd7,暖调复古,暖调复古_02,train,0
rcp_94bd80dc22e81135,青橙复古,青橙复古_02,train,0
rcp_94c633a1471327c2,胶片青橙,胶片青橙_04,train,0
rcp_94d45f8cb8b14b78,黑白全色相,黑白全色相_00,train,0
rcp_94da423740811f34,复古暖调,复古暖调_03,train,0
rcp_94dd46b5d7f4f2a7,胶片复古,胶片复古_04,train,0
rcp_94f618f36b5e0a3f,暖调高亮,暖调高亮_04,train,0
rcp_9523a5a280d9a89a,青绿高亮,青绿高亮_02,train,0
rcp_952e869159f48158,胶片复古,胶片复古_04,train,0
rcp_95306d7404da5337,青橙胶片,青橙胶片_05,train,0
rcp_954933dac8ed2b88,青橙胶片,青橙胶片_01,train,0
rcp_955770d4a7efae95,压暗胶片,压暗胶片_02,train,0
rcp_955e9101c6d4d880,复古暖调,复古暖调_03,train,0
rcp_955fb767f4c94206,压暗胶片,压暗胶片_02,train,0
rcp_9570ac266471df4f,青橙胶片,青橙胶片_00,train,0
rcp_9581ab9cce4bca0d,胶片复古,胶片复古_00,train,0
rcp_95e62c4c96becebb,品红复古,品红复古_02,train,0
rcp_960be12e2e8ca8f3,高亮冷调,高亮冷调_03,train,0
rcp_960beb3218067c70,青绿胶片,青绿胶片_01,train,0
rcp_962b9cc894e8f4c2,胶片复古,胶片复古_04,train,0
rcp_96372dd3a0fb6930,青橙胶片,青橙胶片_00,train,0
rcp_96519433b279f7ea,高饱和暖调,高饱和暖调_00,train,0
rcp_966e7f14fcb2798b,胶片复古,胶片复古_04,train,0
rcp_96792c0e32d9dcf3,青橙胶片,青橙胶片_00,train,0
rcp_968acb1f8cd0450c,胶片青橙,胶片青橙_04,train,0
rcp_968dc9b6c649e634,青橙复古,青橙复古_05,train,0
rcp_968ffd36dfcdd3db,高亮暖调,高亮暖调_02,train,0
rcp_96b0f00d65b23f32,高亮清透,高亮清透_01,train,0
rcp_96cd9a6c3a17f737,黑白全色相,黑白全色相_01,train,0
rcp_96d373dab839fc3f,青橙胶片,青橙胶片_00,train,0
rcp_96ddafca05d882fa,暖调高亮,暖调高亮_04,train,0
rcp_96e59e21ecca4dd7,青橙胶片,青橙胶片_00,train,0
rcp_96e7895ad4363940,高亮冷调,高亮冷调_01,train,0
rcp_973fe020d1e58b33,青橙胶片,青橙胶片_00,train,0
rcp_97534214b862ebaf,青橙胶片,青橙胶片_00,train,0
rcp_977244ba867f2ec1,暖调复古,暖调复古_00,train,0
rcp_97843f0f30d0c35a,胶片青橙,胶片青橙_04,train,0
rcp_97a964492f12379a,暖调胶片,暖调胶片_05,train,0
rcp_97aa8bafa49a82fb,高饱和暖调,高饱和暖调_00,train,0
rcp_97b1213e0d2bc231,青橙胶片,青橙胶片_00,train,0
rcp_97e9366e1cb506b5,青橙胶片,青橙胶片_00,train,0
rcp_97f14ac62b22e5f3,低饱和复古,低饱和复古_03,train,0
rcp_97f7b14e7f9325c6,暖调品红,暖调品红_06,train,0
rcp_98047587cbc75a2b,青橙胶片,青橙胶片_00,train,0
rcp_980f87c1e18d97fa,低饱和复古,低饱和复古_03,train,0
rcp_981bcdc1c37f15ee,压暗胶片,压暗胶片_02,train,0
rcp_981d3a87f6665475,青橙胶片,青橙胶片_00,train,0
rcp_981e5efd56665bac,品红复古,品红复古_02,train,0
rcp_98258cb426016a50,暖调胶片,暖调胶片_05,train,0
rcp_983a32deffe579b7,胶片青橙,胶片青橙_04,train,0
rcp_9864c5435e9783c0,高饱和暖调,高饱和暖调_00,train,0
rcp_986f17a6bd3ee882,青橙胶片,青橙胶片_05,train,0
rcp_987d748a6bc4faab,青橙胶片,青橙胶片_00,train,0
rcp_989bf48ca9856a1c,青橙胶片,青橙胶片_00,train,0
rcp_98a6d49c742f0ae3,高亮暖调,高亮暖调_02,train,0
rcp_98bc84c97903cac1,高亮冷调,高亮冷调_01,train,0
rcp_98cf11f9410c0f67,青橙复古,青橙复古_02,train,0
rcp_98d01ac259cea240,高亮暖调,高亮暖调_02,train,0
rcp_98f437b0ff4052a5,胶片去色,胶片去色_05,train,0
rcp_9910943d3cd8290e,青橙复古,青橙复古_02,train,0
rcp_99165be4261ba2ca,青橙胶片,青橙胶片_01,train,0
rcp_994025b4ccb5e181,高亮清透,高亮清透_01,train,0
rcp_994bdca160e11c63,青橙胶片,青橙胶片_01,train,0
rcp_995bf2019870af2c,胶片青绿,胶片青绿_00,train,0
rcp_996cb9ceff34bb9e,高饱和暖调,高饱和暖调_00,train,0
rcp_9978c1eb1e45024c,青橙胶片,青橙胶片_00,train,0
rcp_997e296310eda36e,胶片去色,胶片去色_05,train,0
rcp_99a0f18052f81486,复古暖调,复古暖调_08,train,0
rcp_99b9c2376e59109f,青橙暗调,青橙暗调_02,train,0
rcp_99c2753d351ca561,暖调高亮,暖调高亮_04,train,0
rcp_99dfadeea5e5b25b,高饱和暖调,高饱和暖调_00,train,0
rcp_99e45616ac6bd572,暖调复古,暖调复古_01,train,0
rcp_9a279ee893154db7,高亮暖调,高亮暖调_09,train,0
rcp_9a280fa0093c2829,黑白全色相,黑白全色相_01,train,0
rcp_9a340eb22c3ce83f,高亮清透,高亮清透_01,train,0
rcp_9a37f292472282f1,压暗胶片,压暗胶片_02,train,0
rcp_9a4bcdd08bda4712,青橙胶片,青橙胶片_01,train,0
rcp_9a51713b977b39c0,黑白全色相,黑白全色相_01,train,0
rcp_9a5ec720d7ef1ed8,青橙胶片,青橙胶片_00,train,0
rcp_9a658579261ed1ef,青绿高亮,青绿高亮_02,train,0
rcp_9a7ee48fe8cfb6c0,胶片复古,胶片复古_04,train,0
rcp_9a907db306e91f17,青橙胶片,青橙胶片_01,train,0
rcp_9a9f32a96755edcd,青橙胶片,青橙胶片_01,train,0
rcp_9aaf2b3bd4006fdc,暖调复古,暖调复古_01,train,0
rcp_9ab752c0f3a37ef9,压暗胶片,压暗胶片_02,train,0
rcp_9ac32ee861a12f99,复古暖调,复古暖调_11,train,0
rcp_9ad518e3fd05177e,低饱和复古,低饱和复古_03,train,0
rcp_9ade33886c55844c,青橙复古,青橙复古_05,train,0
rcp_9adf41ab6b9c53fb,高亮清透,高亮清透_01,train,0
rcp_9aea92d02efda3fd,青橙胶片,青橙胶片_01,train,0
rcp_9aed22bffc125d82,复古暖调,复古暖调_00,train,0
rcp_9b1728148ae74670,低饱和复古,低饱和复古_03,train,0
rcp_9b1952cdf6b8dee2,复古青橙,复古青橙_03,train,0
rcp_9b1d3460d5c1ea65,胶片青橙,胶片青橙_04,train,0
rcp_9b56f79fc65439a4,青橙胶片,青橙胶片_01,train,0
rcp_9b65ecc14fceb8c1,胶片青橙,胶片青橙_04,train,0
rcp_9b7535cc0ee1a156,胶片青绿,胶片青绿_00,train,0
rcp_9b8106e57f52dbad,高饱和暖调,高饱和暖调_00,train,0
rcp_9b816d211df4ccab,压暗胶片,压暗胶片_02,train,0
rcp_9b845a3a406380a0,暖调胶片,暖调胶片_05,train,0
rcp_9b875fe0bbd442b9,青橙胶片,青橙胶片_00,train,0
rcp_9bc164aeacbf1acf,青橙胶片,青橙胶片_01,train,0
rcp_9bd75100352ceea8,压暗胶片,压暗胶片_02,train,0
rcp_9be983f844d441de,高亮暖调,高亮暖调_02,train,0
rcp_9bf21ffb2ff7be2d,胶片青橙,胶片青橙_04,train,0
rcp_9bf3961a1b86ff97,高亮清透,高亮清透_01,train,0
rcp_9c27da0f984807fc,黑白全色相,黑白全色相_00,train,0
rcp_9c5fc3950da225b8,暖调复古,暖调复古_02,train,0
rcp_9c62c2ca349d3398,高饱和暖调,高饱和暖调_00,train,0
rcp_9c6a236f704fab24,青橙胶片,青橙胶片_00,train,0
rcp_9c77bf597cfad4d3,青橙胶片,青橙胶片_01,train,0
rcp_9c7d0f67752b3005,青橙胶片,青橙胶片_01,train,0
rcp_9ca0aa8a5e6bc603,青绿胶片,青绿胶片_01,train,0
rcp_9cbd3fda63f4bac2,高饱和暖调,高饱和暖调_00,train,0
rcp_9ce5e6cb9c1b2106,胶片复古,胶片复古_04,train,0
rcp_9cee3ff55b447bff,暖调高亮,暖调高亮_00,train,0
rcp_9d1ec1a682bc09b0,青橙胶片,青橙胶片_01,train,0
rcp_9d307a6a55308c59,青橙胶片,青橙胶片_00,train,0
rcp_9d33a01289b7cd96,暖调复古,暖调复古_04,train,0
rcp_9d35e73f31e3ba53,青橙胶片,青橙胶片_00,train,0
rcp_9d3b0d6d545992b1,高亮冷调,高亮冷调_01,train,0
rcp_9d57d54df14a908d,青橙胶片,青橙胶片_00,train,0
rcp_9d5a387f4e3aed8f,暖调胶片,暖调胶片_05,train,0
rcp_9d655fb181dcfb5a,复古胶片,复古胶片_03,train,0
rcp_9d72f6bd084ebaa3,高亮暖调,高亮暖调_02,train,0
rcp_9d783d9dabc10abc,高饱和暖调,高饱和暖调_00,train,0
rcp_9d78d35ecab94bff,青橙胶片,青橙胶片_01,train,0
rcp_9d8a9498c4619fa9,胶片复古,胶片复古_04,train,0
rcp_9da827817cda7af1,暖调品红,暖调品红_06,train,0
rcp_9db5b7acaba05a9c,青绿高亮,青绿高亮_02,train,0
rcp_9dc3d6029dfa0993,胶片青橙,胶片青橙_04,train,0
rcp_9dc86dc893a57ae5,低饱和复古,低饱和复古_03,train,0
rcp_9de819d24609c9b0,青橙胶片,青橙胶片_01,train,0
rcp_9e0152c71546f9c6,青橙胶片,青橙胶片_00,train,0
rcp_9e0666e586aa1dfc,高亮暖调,高亮暖调_09,train,0
rcp_9e0cb217b2d675c2,暖调高亮,暖调高亮_00,train,0
rcp_9e101ae84aa2b8bf,低饱和复古,低饱和复古_03,train,0
rcp_9e1121ae87c71c9c,暖调复古,暖调复古_00,train,0
rcp_9e2f1c2efd80ec6a,青橙胶片,青橙胶片_00,train,0
rcp_9e36c59e7d4c9000,高亮清透,高亮清透_01,train,0
rcp_9e519aa6063a150c,低饱和复古,低饱和复古_03,train,0
rcp_9e53beef314ae68c,高亮冷调,高亮冷调_01,train,0
rcp_9e685dc0a2a9a1d9,高亮暖调,高亮暖调_07,train,0
rcp_9e6c565b4755a9ec,高亮清透,高亮清透_01,train,0
rcp_9e6d8fa1277f754b,高饱和暖调,高饱和暖调_00,train,0
rcp_9e9665f4acb858b6,胶片复古,胶片复古_04,train,0
rcp_9ec734da7dc48d5a,青橙胶片,青橙胶片_01,train,0
rcp_9edcb31b77f0313f,青橙胶片,青橙胶片_01,train,0
rcp_9ef1cd3ff2ec1722,复古暖调,复古暖调_03,train,0
rcp_9ef7cbb407447076,暖调胶片,暖调胶片_05,train,0
rcp_9f09c40a660e96a6,压暗胶片,压暗胶片_02,train,0
rcp_9f361087aef4a5e5,高亮清透,高亮清透_01,train,0
rcp_9f3cbf5c5f719ceb,撞色暖调,撞色暖调_06,train,0
rcp_9f66e30ee191c412,胶片青橙,胶片青橙_04,train,0
rcp_9f7f24a0b6f4a0c3,复古暖调,复古暖调_00,train,0
rcp_9f86a3886de5d087,高亮清透,高亮清透_01,train,0
rcp_9fd135af1d87ac2d,低饱和复古,低饱和复古_03,train,0
rcp_9fdec7249a4fa72c,青绿高亮,青绿高亮_02,train,0
rcp_9fdf25c14a4196b4,青橙胶片,青橙胶片_00,train,0
rcp_9fed6a26107fa4b5,复古胶片,复古胶片_03,train,0
rcp_a0102c75a4407b32,青橙复古,青橙复古_05,train,0
rcp_a016c4fead1392b6,压暗胶片,压暗胶片_02,train,0
rcp_a019c985363ebb2c,低饱和复古,低饱和复古_03,train,0
rcp_a0567aa9c7e42380,压暗胶片,压暗胶片_02,train,0
rcp_a05ba8146ee4050a,青橙胶片,青橙胶片_00,train,0
rcp_a05ea1567f62f261,青橙胶片,青橙胶片_00,train,0
rcp_a0627ea0d311c5fd,压暗胶片,压暗胶片_02,train,0
rcp_a06e66a7190f470a,青橙胶片,青橙胶片_01,train,0
rcp_a094618a992a6e9d,暖调复古,暖调复古_01,train,0
rcp_a0bbc10743b7d9b7,青橙胶片,青橙胶片_00,train,0
rcp_a0bcaac892a91fb8,青橙胶片,青橙胶片_05,train,0
rcp_a0cc894af3bc3bd7,高亮清透,高亮清透_01,train,0
rcp_a0f14b001374feef,胶片青橙,胶片青橙_04,train,0
rcp_a0ffb9f137d3df71,暖调复古,暖调复古_01,train,0
rcp_a1002e35adfcdec2,青橙胶片,青橙胶片_00,train,0
rcp_a10b2e7a6d12747e,高亮暖调,高亮暖调_02,train,0
rcp_a1146540852a55ba,胶片青橙,胶片青橙_04,train,0
rcp_a14adc9e7adbe904,高亮清透,高亮清透_01,train,0
rcp_a1660293b6a63963,青橙胶片,青橙胶片_00,train,0
rcp_a166f087276d09d1,青橙复古,青橙复古_05,train,0
rcp_a170e89d652d771d,胶片青橙,胶片青橙_04,train,0
rcp_a17e7402f2f54524,复古暖调,复古暖调_03,train,0
rcp_a1c57f97acb75a14,高饱和暖调,高饱和暖调_00,train,0
rcp_a1d58c10e6a73326,压暗胶片,压暗胶片_02,train,0
rcp_a1d63952a3059323,黑白全色相,黑白全色相_01,train,0
rcp_a1e017e865421876,复古胶片,复古胶片_03,train,0
rcp_a20b849c04da04f9,胶片复古,胶片复古_04,train,0
rcp_a20e82613a47cb79,高饱和暖调,高饱和暖调_00,train,0
rcp_a20fb9f4da1390f4,青橙复古,青橙复古_05,train,0
rcp_a2145a1aa305c677,青绿胶片,青绿胶片_01,train,0
rcp_a222e1a98046fb5e,暖调高亮,暖调高亮_04,train,0
rcp_a225c8102684fca9,暖调高亮,暖调高亮_04,train,0
rcp_a23b18aa7618f8ed,低饱和复古,低饱和复古_03,train,0
rcp_a2501fb105c19483,胶片青橙,胶片青橙_04,train,0
rcp_a253de3ad59e6901,暖调胶片,暖调胶片_05,train,0
rcp_a256f4562ca57645,压暗胶片,压暗胶片_02,train,0
rcp_a26b9ce1f23ca94b,青橙胶片,青橙胶片_01,train,0
rcp_a27649038e99daf9,高亮复古,高亮复古_05,train,0
rcp_a28133820e6beaeb,青橙胶片,青橙胶片_01,train,0
rcp_a29b6e35289c7603,黑白全色相,黑白全色相_01,train,0
rcp_a29c4177e7435ce4,青橙胶片,青橙胶片_01,train,0
rcp_a29d602257f76ddc,黑白全色相,黑白全色相_00,train,0
rcp_a2a77e51dd61e119,复古暖调,复古暖调_00,train,0
rcp_a2b04965fa418784,低饱和复古,低饱和复古_03,train,0
rcp_a2bdeb0fe9681885,低饱和复古,低饱和复古_03,train,0
rcp_a2c2538917193a01,低饱和复古,低饱和复古_03,train,0
rcp_a2eef243769d46bd,胶片青橙,胶片青橙_04,train,0
rcp_a2f9bed0ba898e5e,青橙复古,青橙复古_07,train,0
rcp_a3028edc847d0003,高亮暖调,高亮暖调_02,train,0
rcp_a30705460c4ba24a,青橙胶片,青橙胶片_05,train,0
rcp_a31f37d2c939c2be,胶片青橙,胶片青橙_04,train,0
rcp_a324966b57b4c3ff,低饱和复古,低饱和复古_03,train,0
rcp_a32f1208f5d64090,暖调胶片,暖调胶片_05,train,0
rcp_a3322a97d615438e,暖调胶片,暖调胶片_05,train,0
rcp_a352e2b06651a462,青橙胶片,青橙胶片_01,train,0
rcp_a368035b26335767,青橙胶片,青橙胶片_01,train,0
rcp_a37ff17a60706d05,冷调复古,冷调复古_03,train,0
rcp_a39eaf71390ca828,青橙复古,青橙复古_02,train,0
rcp_a3c6b7ee550e2cc6,青绿胶片,青绿胶片_01,train,0
rcp_a3d7bf195f8def5e,青橙胶片,青橙胶片_01,train,0
rcp_a3dcbea8eabe2ea3,青橙复古,青橙复古_02,train,0
rcp_a3e6123fb64a1483,青橙胶片,青橙胶片_01,train,0
rcp_a3f21d143cc934db,黑白全色相,黑白全色相_01,train,0
rcp_a41a02994852a495,胶片青绿,胶片青绿_00,train,0
rcp_a41d9b30a2b56c9a,胶片青橙,胶片青橙_04,train,0
rcp_a429b94403f8f32b,低饱和复古,低饱和复古_03,train,0
rcp_a4498898fd7cdc46,胶片青橙,胶片青橙_04,train,0
rcp_a47917788fed9a40,暖调复古,暖调复古_01,train,0
rcp_a4993ed9a6a2d360,青橙胶片,青橙胶片_00,train,0
rcp_a4b97fddc8f1fc7a,高亮暖调,高亮暖调_02,train,0
rcp_a4d0ecdf95907e9a,低饱和复古,低饱和复古_03,train,0
rcp_a4dcfdaf83e9be15,高亮冷调,高亮冷调_01,train,0
rcp_a500928a0ea0fe20,高亮冷调,高亮冷调_02,train,0
rcp_a521c7c0c520ab5f,青绿胶片,青绿胶片_01,train,0
rcp_a529709aa1705b6f,高亮清透,高亮清透_01,train,0
rcp_a544406d27114efd,黑白全色相,黑白全色相_00,train,0
rcp_a560551236e00664,胶片复古,胶片复古_04,train,0
rcp_a5921002625a8272,胶片青绿,胶片青绿_00,train,0
rcp_a5b11c03f5f9e904,高亮清透,高亮清透_01,train,0
rcp_a5c77de0b248db93,复古暖调,复古暖调_11,train,0
rcp_a5cca5e8c025d6d7,暖调品红,暖调品红_01,train,0
rcp_a5f5039be9327c8b,青橙胶片,青橙胶片_00,train,0
rcp_a600054ca295fdaa,低饱和复古,低饱和复古_03,train,0
rcp_a601ba1564df46b9,青橙胶片,青橙胶片_00,train,0
rcp_a6065b14d52c27ba,胶片去色,胶片去色_05,train,0
rcp_a6187a32f0da8ac9,暖调高亮,暖调高亮_04,train,0
rcp_a61b1a7af4c7c04e,胶片复古,胶片复古_04,train,0
rcp_a61fcc7500886bb0,暖调品红,暖调品红_06,train,0
rcp_a628a0be21387096,高亮冷调,高亮冷调_01,train,0
rcp_a6380e169609800c,胶片青橙,胶片青橙_04,train,0
rcp_a65077760ade04a6,低饱和复古,低饱和复古_03,train,0
rcp_a66d02f319bf1793,复古暖调,复古暖调_03,train,0
rcp_a670b4d884510bfd,青橙胶片,青橙胶片_00,train,0
rcp_a699ff69b46f135d,低饱和复古,低饱和复古_03,train,0
rcp_a6a16f0f57b0945c,低饱和复古,低饱和复古_03,train,0
rcp_a6a8bdb48332a5e0,胶片青橙,胶片青橙_04,train,0
rcp_a6aedacb485ae3a1,青橙胶片,青橙胶片_00,train,0
rcp_a6bd7534d3f3d226,黑白全色相,黑白全色相_01,train,0
rcp_a6e2d88dbcfd4ebf,青橙胶片,青橙胶片_00,train,0
rcp_a6e2f6d1356b6511,高亮清透,高亮清透_01,train,0
rcp_a6e88f06394cee19,暖调复古,暖调复古_00,train,0
rcp_a6e9d515c7543c10,高饱和暖调,高饱和暖调_00,train,0
rcp_a700518848e581ac,高饱和暖调,高饱和暖调_00,train,0
rcp_a7012d0012595082,复古青橙,复古青橙_03,train,0
rcp_a71ba0e5989697a1,复古暖调,复古暖调_00,train,0
rcp_a73a2850e5e5a61d,胶片复古,胶片复古_04,train,0
rcp_a73e161b248af4bf,低饱和复古,低饱和复古_03,train,0
rcp_a75ce7c03cc13b04,青橙胶片,青橙胶片_00,train,0
rcp_a77b3dae41d65eb5,胶片复古,胶片复古_04,train,0
rcp_a794d90ccedb2bba,胶片青橙,胶片青橙_04,train,0
rcp_a7985a6f3279d701,青橙胶片,青橙胶片_01,train,0
rcp_a7bc364936a68ed1,青橙胶片,青橙胶片_05,train,0
rcp_a7be50093e323341,暖调品红,暖调品红_06,train,0
rcp_a7f8acfa5bf5a29b,青绿高亮,青绿高亮_02,train,0
rcp_a81b4c955bd218ce,暖调复古,暖调复古_01,train,0
rcp_a83c6cd9b11f2c53,青橙低饱和,青橙低饱和_06,train,0
rcp_a8629dd508c38375,暖调高亮,暖调高亮_04,train,0
rcp_a8744dd86e87ddfe,高亮青绿,高亮青绿_04,train,0
rcp_a88f2293adcc4ed1,暖调品红,暖调品红_06,train,0
rcp_a8981b0fc8596b29,青橙胶片,青橙胶片_00,train,0
rcp_a89b54de4c4e39fe,低饱和复古,低饱和复古_03,train,0
rcp_a8a0b45ba6b7d42c,高亮暖调,高亮暖调_02,train,0
rcp_a8ab2e1a351e0847,高亮暖调,高亮暖调_02,train,0
rcp_a8acdf076e18b2d4,高饱和暖调,高饱和暖调_00,train,0
rcp_a8addad432eb874b,黑白全色相,黑白全色相_00,train,0
rcp_a8c92aff998c14c6,黑白全色相,黑白全色相_00,train,0
rcp_a8deb3268e57f834,青橙胶片,青橙胶片_01,train,0
rcp_a8e1fbd45b28620a,青橙胶片,青橙胶片_01,train,0
rcp_a8ea754470edf107,胶片青绿,胶片青绿_00,train,0
rcp_a903155df39d9ca0,青绿胶片,青绿胶片_01,train,0
rcp_a922fb470d6b9335,胶片复古,胶片复古_04,train,0
rcp_a94b8d828aba08f9,暖调胶片,暖调胶片_05,train,0
rcp_a98a19d104f1850f,青橙暗调,青橙暗调_08,train,0
rcp_a9991058dcdf0871,低饱和复古,低饱和复古_03,train,0
rcp_a9a484257d7320fa,高亮清透,高亮清透_01,train,0
rcp_a9aa9c9a1a3abcc7,青橙胶片,青橙胶片_01,train,0
rcp_a9b1992314045a6e,胶片复古,胶片复古_00,train,0
rcp_a9b2e19b5b71bcbb,胶片青橙,胶片青橙_04,train,0
rcp_a9bb5331a608d584,黑白全色相,黑白全色相_00,train,0
rcp_a9e9b3a417d89dd9,高亮复古,高亮复古_05,train,0
rcp_aa0fea81c64673d6,胶片青橙,胶片青橙_04,train,0
rcp_aa182b0cb85d0096,胶片去色,胶片去色_05,train,0
rcp_aa2237a961d0fef8,低饱和复古,低饱和复古_03,train,0
rcp_aa2d07ff1f40fe52,高亮复古,高亮复古_05,train,0
rcp_aa2db27232c2f566,高亮清透,高亮清透_01,train,0
rcp_aa413d2a97122563,低饱和复古,低饱和复古_03,train,0
rcp_aa7294046e7208e3,青橙暗调,青橙暗调_02,train,0
rcp_aa790d892f1685d5,青橙复古,青橙复古_02,train,0
rcp_aa86d8b806204298,青橙胶片,青橙胶片_01,train,0
rcp_aaa5bca103e9444e,低饱和复古,低饱和复古_03,train,0
rcp_aab171d477e3f390,青橙胶片,青橙胶片_00,train,0
rcp_aabcb072d50bcca4,高亮复古,高亮复古_06,train,0
rcp_aabff72de3cdade8,复古暖调,复古暖调_00,train,0
rcp_aac4cf5f0ddfbfd1,青橙复古,青橙复古_02,train,0
rcp_aadfde0b9ea53997,复古胶片,复古胶片_03,train,0
rcp_aae291024b0ade68,高亮暖调,高亮暖调_02,train,0
rcp_ab1b8c44462bd431,青橙复古,青橙复古_02,train,0
rcp_ab2afd8332102ca4,高亮复古,高亮复古_05,train,0
rcp_ab3271b8f8c6c1fc,青橙暗调,青橙暗调_08,train,0
rcp_ab34398b1822106b,复古暖调,复古暖调_03,train,0
rcp_ab3699ea10cb0f54,黑白全色相,黑白全色相_01,train,0
rcp_ab5591293c338829,压暗胶片,压暗胶片_02,train,0
rcp_ab5c65c8324cc545,青橙胶片,青橙胶片_00,train,0
rcp_ab735a5b4da8a4d7,胶片青绿,胶片青绿_00,train,0
rcp_ab764c3ac34011ce,胶片复古,胶片复古_04,train,0
rcp_ab854d77498e7ccb,青橙暗调,青橙暗调_08,train,0
rcp_ab8eaeea88f32625,胶片青橙,胶片青橙_04,train,0
rcp_ab91558dbfd8ae34,高饱和暖调,高饱和暖调_00,train,0
rcp_abb77a44d4bb0440,低饱和复古,低饱和复古_03,train,0
rcp_abc079ad53b34af4,冷调复古,冷调复古_03,train,0
rcp_abdafa6aa5943595,青绿胶片,青绿胶片_01,train,0
rcp_abe8a211e82ff030,青橙胶片,青橙胶片_01,train,0
rcp_abfb25db99a256a3,胶片青绿,胶片青绿_00,train,0
rcp_abfdcf8ce842f34a,黑白全色相,黑白全色相_01,train,0
rcp_ac114f4f6278691f,复古暖调,复古暖调_03,train,0
rcp_ac1c855336cfd910,青橙胶片,青橙胶片_00,train,0
rcp_ac2461ea917b1d67,青橙胶片,青橙胶片_00,train,0
rcp_ac283975d64f3930,暖调高亮,暖调高亮_04,train,0
rcp_ac2d0031d81e8775,暖调复古,暖调复古_01,train,0
rcp_ac8932a46745381f,冷调高亮,冷调高亮_04,train,0
rcp_ac9106e8dd51ef33,高亮暖调,高亮暖调_09,train,0
rcp_aca9406314c84489,青橙胶片,青橙胶片_03,train,0
rcp_acb87b21658370c5,胶片复古,胶片复古_04,train,0
rcp_acec63c619fabeb5,胶片复古,胶片复古_00,train,0
rcp_aceea0d31e9cfcb4,青橙胶片,青橙胶片_00,train,0
rcp_ad1c5f3652c45e08,品红复古,品红复古_02,train,0
rcp_ad3630434950116b,高亮复古,高亮复古_05,train,0
rcp_ad394193f6cd5e42,黑白去色,黑白去色_02,train,0
rcp_ad3b77745071d32b,胶片复古,胶片复古_04,train,0
rcp_ad4cdf0010b98053,高饱和冷调,高饱和冷调_04,train,0
rcp_ad5bc7f65bbdd403,高亮青绿,高亮青绿_04,train,0
rcp_ad6ed1ba0f64c950,青橙胶片,青橙胶片_01,train,0
rcp_ad86ffb6fe6e3e98,低饱和复古,低饱和复古_03,train,0
rcp_ad885a1d19301ab6,青橙暗调,青橙暗调_08,train,0
rcp_ada88d5b1ac41d97,复古暖调,复古暖调_03,train,0
rcp_adae0eedf4209cd1,高亮暖调,高亮暖调_02,train,0
rcp_adc5c020486e5bc7,黑白全色相,黑白全色相_01,train,0
rcp_adf713947ed9d047,高亮清透,高亮清透_01,train,0
rcp_adfd8a68ac73ab39,青橙胶片,青橙胶片_00,train,0
rcp_ae050d93476d6863,暖调复古,暖调复古_01,train,0
rcp_ae298e0e27375f5e,青橙胶片,青橙胶片_01,train,0
rcp_ae2afbf587a5821c,青橙复古,青橙复古_07,train,0
rcp_ae2ea3668825e349,高亮青绿,高亮青绿_04,train,0
rcp_ae3385679788c033,复古胶片,复古胶片_03,train,0
rcp_ae408621c8f3780c,高亮冷调,高亮冷调_01,train,0
rcp_ae4c6ab59367a151,暖调胶片,暖调胶片_05,train,0
rcp_ae4fb4ca4e82b39a,胶片复古,胶片复古_00,train,0
rcp_ae5924b3e3180d8b,黑白全色相,黑白全色相_00,train,0
rcp_ae79ae2c3324d384,青橙胶片,青橙胶片_00,train,0
rcp_ae81028aae53f885,冷调复古,冷调复古_03,train,0
rcp_ae8206aa829b6dce,青橙胶片,青橙胶片_00,train,0
rcp_ae82c9bd81d2d440,暗调低饱和,暗调低饱和_06,train,0
rcp_ae8340fa8d67c751,高亮复古,高亮复古_05,train,0
rcp_ae989b8d32f3c3c7,复古胶片,复古胶片_03,train,0
rcp_ae9bc428a870eb1f,复古暖调,复古暖调_03,train,0
rcp_aeb4edee96d21a73,高亮冷调,高亮冷调_01,train,0
rcp_aeb7f1becf229d8c,暖调高亮,暖调高亮_04,train,0
rcp_aec7ee0ed73651d7,暖调复古,暖调复古_00,train,0
rcp_aed5d457a3c001a7,胶片青橙,胶片青橙_04,train,0
rcp_aedb8f53afbd266b,胶片复古,胶片复古_04,train,0
rcp_aedc3e428afa9088,胶片青绿,胶片青绿_00,train,0
rcp_aee398248401f258,青橙胶片,青橙胶片_01,train,0
rcp_aeeee65db98dd5e2,高饱和暖调,高饱和暖调_00,train,0
rcp_af26092c218dd31a,高亮复古,高亮复古_05,train,0
rcp_af2f81ca99378066,暖调高亮,暖调高亮_00,train,0
rcp_af32fa3997336ff7,高亮冷调,高亮冷调_01,train,0
rcp_af3d9601454371c6,复古暖调,复古暖调_03,train,0
rcp_af3dad49cf73597a,青橙胶片,青橙胶片_00,train,0
rcp_af3e02cd607af59c,青橙胶片,青橙胶片_00,train,0
rcp_af4b5c56094ed172,青橙胶片,青橙胶片_05,train,0
rcp_af6c72774e33537e,暖调高亮,暖调高亮_00,train,0
rcp_afc12d639939c445,黑白全色相,黑白全色相_01,train,0
rcp_afc78ae8892020a3,胶片青绿,胶片青绿_00,train,0
rcp_afd9af4bfaf8f428,高亮复古,高亮复古_05,train,0
rcp_b0275bb01231fa5f,黑白全色相,黑白全色相_06,train,0
rcp_b0333e9b516793da,高饱和暖调,高饱和暖调_00,train,0
rcp_b0406aaa5c91e313,胶片复古,胶片复古_04,train,0
rcp_b05642a2701298e7,青橙胶片,青橙胶片_00,train,0
rcp_b061fe5e400dc2d6,复古胶片,复古胶片_03,train,0
rcp_b084394150c3c737,青橙胶片,青橙胶片_01,train,0
rcp_b091687d12a4d768,胶片复古,胶片复古_04,train,0
rcp_b09d530b79c656f6,青橙复古,青橙复古_07,train,0
rcp_b0a122ec86326394,青橙胶片,青橙胶片_01,train,0
rcp_b0d76f7950910153,胶片复古,胶片复古_00,train,0
rcp_b0dbe32ac03d44d3,青橙胶片,青橙胶片_00,train,0
rcp_b0fa48eb4bd87495,青橙胶片,青橙胶片_01,train,0
rcp_b0fd9c22a50dfb60,胶片青橙,胶片青橙_04,train,0
rcp_b0fea5b5c214c906,高亮暖调,高亮暖调_02,train,0
rcp_b1088fc7703524d8,低饱和复古,低饱和复古_03,train,0
rcp_b10b260415f7abf9,胶片青绿,胶片青绿_00,train,0
rcp_b115af5973a8e150,暖调胶片,暖调胶片_05,train,0
rcp_b11bdfc96bbe33d7,高饱和暖调,高饱和暖调_00,train,0
rcp_b1a1605d23cc6a20,高亮复古,高亮复古_06,train,0
rcp_b1aadff63a76544d,高亮冷调,高亮冷调_02,train,0
rcp_b1c3f3868986ba34,胶片复古,胶片复古_00,train,0
rcp_b1d31a356c714a0d,高亮清透,高亮清透_01,train,0
rcp_b1e2d86943bb394c,复古暖调,复古暖调_00,train,0
rcp_b1fbe988453624e7,胶片青绿,胶片青绿_00,train,0
rcp_b20b58888feac731,青橙复古,青橙复古_05,train,0
rcp_b24c66c6f738d9d2,暖调高亮,暖调高亮_00,train,0
rcp_b25d22239eaf7b63,青橙胶片,青橙胶片_00,train,0
rcp_b2819ad71d7f8d4d,暖调高亮,暖调高亮_04,train,0
rcp_b28999afa382bbf1,青橙胶片,青橙胶片_00,train,0
rcp_b2a361dc8b819387,暖调胶片,暖调胶片_05,train,0
rcp_b2b86952d2a6eeb6,冷调复古,冷调复古_03,train,0
rcp_b2c26a0fde5da457,青橙复古,青橙复古_02,train,0
rcp_b2d9a8ed05157e25,黑白去色,黑白去色_02,train,0
rcp_b2eed3695c2a47be,青橙胶片,青橙胶片_00,train,0
rcp_b2f272c266cce61a,压暗胶片,压暗胶片_02,train,0
rcp_b3353f24b8ba619d,冷调复古,冷调复古_03,train,0
rcp_b35871a57ff481ae,青橙复古,青橙复古_02,train,0
rcp_b35e85cfedf12a9d,黑白全色相,黑白全色相_00,train,0
rcp_b36e94f8b6e348a4,胶片复古,胶片复古_04,train,0
rcp_b36f7babe9a42e8d,青橙胶片,青橙胶片_00,train,0
rcp_b3a42bd273bd2a7e,高亮暖调,高亮暖调_02,train,0
rcp_b3cd516f9b972aa9,复古暖调,复古暖调_03,train,0
rcp_b3d68d4acbe1a2a6,青橙胶片,青橙胶片_00,train,0
rcp_b3ea60ba00bddf04,暖调高亮,暖调高亮_00,train,0
rcp_b3ec3fa3f61696c8,胶片复古,胶片复古_04,train,0
rcp_b3fc492f8366f2d4,暖调复古,暖调复古_02,train,0
rcp_b40264dbfa9d948d,青橙胶片,青橙胶片_00,train,0
rcp_b40b98050b6c1a86,青橙胶片,青橙胶片_00,train,0
rcp_b431990ba78b47b3,胶片复古,胶片复古_04,train,0
rcp_b43ba9983097565b,胶片复古,胶片复古_04,train,0
rcp_b444e5fd7e4fe414,高饱和暖调,高饱和暖调_00,train,0
rcp_b447816b8adaa4cd,低饱和复古,低饱和复古_03,train,0
rcp_b4568f4084c9eec8,高亮清透,高亮清透_01,train,0
rcp_b45f6ecde87f2974,高亮暖调,高亮暖调_02,train,0
rcp_b469fdacb1a127a5,青橙复古,青橙复古_07,train,0
rcp_b471b3ec02805d1a,青绿高亮,青绿高亮_02,train,0
rcp_b47a17e9861f75f1,胶片复古,胶片复古_04,train,0
rcp_b482335b1ec416d0,高亮冷调,高亮冷调_01,train,0
rcp_b482c23ca5f1f128,高亮复古,高亮复古_05,train,0
rcp_b4b92e931fdc8f2b,暖调胶片,暖调胶片_05,train,0
rcp_b4b9336fdd03bede,青橙胶片,青橙胶片_01,train,0
rcp_b4d3dc3603f761b7,胶片青橙,胶片青橙_04,train,0
rcp_b4fc1c9c2f692cff,复古暖调,复古暖调_03,train,0
rcp_b5009d9a0a469bec,低饱和复古,低饱和复古_03,train,0
rcp_b50f0bb6ea416333,复古暖调,复古暖调_03,train,0
rcp_b5230990afc958b6,青橙胶片,青橙胶片_01,train,0
rcp_b527648202a277e0,高亮复古,高亮复古_06,train,0
rcp_b52966ee59190f57,高亮复古,高亮复古_05,train,0
rcp_b558fe04687271ae,复古暖调,复古暖调_00,train,0
rcp_b560c9eb296adc90,复古胶片,复古胶片_03,train,0
rcp_b576159f053d950d,青橙胶片,青橙胶片_00,train,0
rcp_b579108951c0e002,胶片青绿,胶片青绿_00,train,0
rcp_b5a32d4258778eeb,暖调复古,暖调复古_01,train,0
rcp_b5aff4529ffa7619,撞色暖调,撞色暖调_06,train,0
rcp_b5c95c0348cc761f,暖调高亮,暖调高亮_04,train,0
rcp_b5cdac2167c37fbb,高亮清透,高亮清透_01,train,0
rcp_b5e3de94825b03da,青橙复古,青橙复古_05,train,0
rcp_b5f6a79b1d680b52,青橙胶片,青橙胶片_01,train,0
rcp_b5f83ad5031378f0,胶片青橙,胶片青橙_04,train,0
rcp_b6099be8fac931e2,低饱和复古,低饱和复古_03,train,0
rcp_b60f4f5c2f0de43a,黑白全色相,黑白全色相_01,train,0
rcp_b614e79985d299f5,撞色暖调,撞色暖调_06,train,0
rcp_b6196d31fe3f0fb6,高饱和暖调,高饱和暖调_00,train,0
rcp_b627385914fae3d9,胶片青橙,胶片青橙_04,train,0
rcp_b636d282f3a350c9,胶片青橙,胶片青橙_04,train,0
rcp_b6481bf5fb61da91,青橙胶片,青橙胶片_00,train,0
rcp_b64fb3446b13f599,胶片复古,胶片复古_04,train,0
rcp_b65100ff31a8e27b,暖调高亮,暖调高亮_00,train,0
rcp_b65112644eef06e5,高亮复古,高亮复古_05,train,0
rcp_b654598bf3fa3338,低饱和复古,低饱和复古_03,train,0
rcp_b65892aad033d37d,高亮冷调,高亮冷调_01,train,0
rcp_b66233d38cd7e69a,青橙复古,青橙复古_02,train,0
rcp_b6a2582476823cf0,胶片青橙,胶片青橙_04,train,0
rcp_b6a77e9b5f5da675,青橙复古,青橙复古_02,train,0
rcp_b6d52529f66b6af9,胶片复古,胶片复古_00,train,0
rcp_b6d6490dcb3fb46c,高亮复古,高亮复古_05,train,0
rcp_b6e4f1b7c2ef11df,高饱和暖调,高饱和暖调_00,train,0
rcp_b7033c2fd1e0b9fa,胶片复古,胶片复古_04,train,0
rcp_b710e65bd2445d7a,青橙胶片,青橙胶片_00,train,0
rcp_b7159e0441cadfa1,高亮暖调,高亮暖调_09,train,0
rcp_b71f6d98b086d2a3,胶片复古,胶片复古_04,train,0
rcp_b72706f175cc5d98,青橙胶片,青橙胶片_01,train,0
rcp_b72dd04d68949b55,青橙胶片,青橙胶片_01,train,0
rcp_b73b2ae239fd8226,高亮复古,高亮复古_06,train,0
rcp_b745acdbc70a6568,复古暖调,复古暖调_08,train,0
rcp_b75784fb1654b470,胶片复古,胶片复古_04,train,0
rcp_b75bbcc4281dfce4,青橙胶片,青橙胶片_00,train,0
rcp_b75d0dbb9019f903,黑白全色相,黑白全色相_00,train,0
rcp_b77895ca9a034fe4,高亮复古,高亮复古_05,train,0
rcp_b78d49f00d3baff3,胶片复古,胶片复古_04,train,0
rcp_b79dfcb38d2c01a2,胶片青橙,胶片青橙_04,train,0
rcp_b7b6af1ff960dafc,青橙胶片,青橙胶片_01,train,0
rcp_b7d223dde8cacba6,低饱和复古,低饱和复古_03,train,0
rcp_b7dd3e4ac426a9f7,黑白全色相,黑白全色相_01,train,0
rcp_b7edb78fc844e8f0,高亮复古,高亮复古_06,train,0
rcp_b804606a4d9cc179,胶片复古,胶片复古_00,train,0
rcp_b805b27cfc0fe68d,复古暖调,复古暖调_03,train,0
rcp_b805d675b01cc555,低饱和复古,低饱和复古_03,train,0
rcp_b80ee5720052a704,暖调复古,暖调复古_02,train,0
rcp_b8199530d5d1b6de,胶片复古,胶片复古_04,train,0
rcp_b8467de57bbcefee,青橙胶片,青橙胶片_00,train,0
rcp_b852f67ad1f32a9d,胶片复古,胶片复古_04,train,0
rcp_b876e997490f0fd4,压暗胶片,压暗胶片_02,train,0
rcp_b87f58d552181344,低饱和复古,低饱和复古_03,train,0
rcp_b88b382813ed93f8,胶片青橙,胶片青橙_04,train,0
rcp_b8920358203fbfac,青橙胶片,青橙胶片_00,train,0
rcp_b8a01d156be40027,高亮暖调,高亮暖调_02,train,0
rcp_b8a0c05d2eadc2cb,高亮暖调,高亮暖调_02,train,0
rcp_b8a8e9cb034afd7f,暖调高亮,暖调高亮_04,train,0
rcp_b8ad8822b406df13,青橙复古,青橙复古_02,train,0
rcp_b8b59b53910f90a2,青橙胶片,青橙胶片_01,train,0
rcp_b8e7cfd423608944,复古胶片,复古胶片_03,train,0
rcp_b8f40d52e3c7ac8e,青橙复古,青橙复古_05,train,0
rcp_b91eb2ebec1c5e3c,暖调复古,暖调复古_01,train,0
rcp_b92aed832d3db32a,青橙复古,青橙复古_02,train,0
rcp_b94348ca33ce5c52,青橙胶片,青橙胶片_00,train,0
rcp_b97b5a38c30973f3,高亮青绿,高亮青绿_04,train,0
rcp_b97cd6f59f5f01a0,高亮青绿,高亮青绿_04,train,0
rcp_b985d72217f039ac,暖调复古,暖调复古_02,train,0
rcp_b99de5990d281153,撞色暖调,撞色暖调_06,train,0
rcp_b9aedd855e29ca5c,复古胶片,复古胶片_03,train,0
rcp_b9d1eb43e3095926,青绿高亮,青绿高亮_02,train,0
rcp_b9e47516bdd54c3f,胶片青橙,胶片青橙_04,train,0
rcp_b9f342a9ef4e370b,青橙胶片,青橙胶片_00,train,0
rcp_ba05bd299c0e298f,黑白全色相,黑白全色相_01,train,0
rcp_ba0e46572b1fbff8,高亮清透,高亮清透_01,train,0
rcp_ba15c7ff456131f7,胶片青橙,胶片青橙_04,train,0
rcp_ba2081e4c4bce8dc,胶片青橙,胶片青橙_04,train,0
rcp_ba3da544003ff9c1,复古胶片,复古胶片_03,train,0
rcp_ba4168dbd580b9af,青橙暗调,青橙暗调_06,train,0
rcp_ba8028a29804aed9,高亮清透,高亮清透_01,train,0
rcp_ba8425a3ae7a10c3,青橙胶片,青橙胶片_01,train,0
rcp_baa7c8d4854f3b8d,复古胶片,复古胶片_03,train,0
rcp_bab833294b8c29ee,高亮清透,高亮清透_01,train,0
rcp_bad2b7921e7f6936,暖调高亮,暖调高亮_00,train,0
rcp_bae843454cd12a2b,暖调复古,暖调复古_01,train,0
rcp_bafe634392a31b95,高亮清透,高亮清透_01,train,0
rcp_bb122025b5f1adf1,暖调品红,暖调品红_06,train,0
rcp_bb15e73e1e21a6f2,复古暖调,复古暖调_03,train,0
rcp_bb15f54a5666fd23,暖调复古,暖调复古_04,train,0
rcp_bb19575cf4e54546,青橙胶片,青橙胶片_01,train,0
rcp_bb3a19829eeebbc9,青橙胶片,青橙胶片_00,train,0
rcp_bb3f47bf39e1d971,暖调复古,暖调复古_01,train,0
rcp_bb46965f485d3b4b,复古胶片,复古胶片_03,train,0
rcp_bb9385f415610627,高亮冷调,高亮冷调_01,train,0
rcp_bb94f9ab27635823,暖调复古,暖调复古_01,train,0
rcp_bba01cdd9b10df7a,高亮青绿,高亮青绿_04,train,0
rcp_bbc20852e4c12a28,黑白全色相,黑白全色相_01,train,0
rcp_bbdc85b47039c65c,高饱和暖调,高饱和暖调_00,train,0
rcp_bbe31b0f5966cb18,青橙胶片,青橙胶片_01,train,0
rcp_bbeb1e9db382a6f1,青橙胶片,青橙胶片_00,train,0
rcp_bc1e191608abae06,复古暖调,复古暖调_00,train,0
rcp_bc586be081081d44,胶片青绿,胶片青绿_00,train,0
rcp_bc619c0f4ba12fd6,青橙暗调,青橙暗调_08,train,0
rcp_bc6c96de35a712b0,暖调胶片,暖调胶片_05,train,0
rcp_bc912a3dfd3e377b,暗调低饱和,暗调低饱和_06,train,0
rcp_bc96a0bfd6a8e278,青橙胶片,青橙胶片_01,train,0
rcp_bc9bd0d1659b556d,高饱和暖调,高饱和暖调_00,train,0
rcp_bcbe03e85dfe08ac,胶片复古,胶片复古_04,train,0
rcp_bcdec8dc946cf127,暖调复古,暖调复古_04,train,0
rcp_bd014e33a595d781,青橙复古,青橙复古_07,train,0
rcp_bd1670e892f9d9d0,高亮清透,高亮清透_01,train,0
rcp_bd2e4ef2dfca8357,青橙胶片,青橙胶片_01,train,0
rcp_bd554b48b38b6e60,暗调低饱和,暗调低饱和_05,train,0
rcp_bd602bed9ae211a7,暖调品红,暖调品红_01,train,0
rcp_bd74bec9ca074e06,暖调胶片,暖调胶片_05,train,0
rcp_bd7bc2c67a0ee422,青橙胶片,青橙胶片_00,train,0
rcp_bda5a00f54edbc3e,胶片青绿,胶片青绿_00,train,0
rcp_bdc50ada581c2429,高饱和暖调,高饱和暖调_00,train,0
rcp_bdcaa42064c6f640,青橙胶片,青橙胶片_00,train,0
rcp_bddd3e367e21b0b3,暖调复古,暖调复古_01,train,0
rcp_bdf20bf104ca040b,青橙胶片,青橙胶片_01,train,0
rcp_bdf2b8a98f50684d,高饱和暖调,高饱和暖调_00,train,0
rcp_be129463c98c90de,暖调胶片,暖调胶片_05,train,0
rcp_be284b3ed6ed9524,品红复古,品红复古_02,train,0
rcp_be3078c12c6a4e35,高饱和暖调,高饱和暖调_00,train,0
rcp_be52cd4787278a51,高亮清透,高亮清透_01,train,0
rcp_be57cf49561a5985,青橙胶片,青橙胶片_05,train,0
rcp_be623e547661019d,低饱和复古,低饱和复古_03,train,0
rcp_bea2c14f9fa3490d,黑白去色,黑白去色_02,train,0
rcp_beca5fd2c7d9b10c,高饱和暖调,高饱和暖调_00,train,0
rcp_beee65214412059f,青橙暗调,青橙暗调_06,train,0
rcp_befdce5cc366afa9,胶片复古,胶片复古_04,train,0
rcp_bf05172dd3c67db8,压暗胶片,压暗胶片_02,train,0
rcp_bf1b3162313a8e05,暖调胶片,暖调胶片_05,train,0
rcp_bf2f0470a00fc213,胶片青橙,胶片青橙_04,train,0
rcp_bf39d5c2eca4d0c3,高亮暖调,高亮暖调_02,train,0
rcp_bf4377ae4266836a,复古暖调,复古暖调_03,train,0
rcp_bf5bf553ee77d222,复古胶片,复古胶片_03,train,0
rcp_bf6155c9e658d939,暖调复古,暖调复古_01,train,0
rcp_bf90afc1ccc87c86,高饱和暖调,高饱和暖调_00,train,0
rcp_bfb05286f7b968ae,暖调高亮,暖调高亮_03,train,0
rcp_bfb10221bc31bbb5,冷调复古,冷调复古_03,train,0
rcp_bfb794e5c069d967,品红复古,品红复古_02,train,0
rcp_bfd07a5f86185e2c,低饱和复古,低饱和复古_03,train,0
rcp_bfd8294d99e6f9c3,青橙暗调,青橙暗调_00,train,0
rcp_bfd90a8f1d73e4f8,暖调复古,暖调复古_01,train,0
rcp_bfe6727d971f8cc0,青橙胶片,青橙胶片_00,train,0
rcp_bfe981663e843488,冷调高亮,冷调高亮_04,train,0
rcp_bffc7449b87a387b,暖调胶片,暖调胶片_05,train,0
rcp_c002d868c946d2ea,青橙复古,青橙复古_05,train,0
rcp_c00593632c055885,青橙复古,青橙复古_05,train,0
rcp_c00cb75d4e45cf6b,复古暖调,复古暖调_00,train,0
rcp_c011d9bc15497ffd,青绿高亮,青绿高亮_02,train,0
rcp_c03318b012e9d4f6,青橙胶片,青橙胶片_00,train,0
rcp_c0ae8ccca3fffe88,品红复古,品红复古_02,train,0
rcp_c0dc764ba0a15496,青橙胶片,青橙胶片_01,train,0
rcp_c0e6c5696866233e,冷调复古,冷调复古_03,train,0
rcp_c0f2bf53fa15d2ed,青橙胶片,青橙胶片_05,train,0
rcp_c1066afdadbc28af,暖调复古,暖调复古_01,train,0
rcp_c110603d7a86de2e,黑白全色相,黑白全色相_01,train,0
rcp_c134672e5a81d05d,暖调品红,暖调品红_06,train,0
rcp_c13b4c0a26bb2d3d,高亮清透,高亮清透_01,train,0
rcp_c14914f17fb3f56f,高亮复古,高亮复古_05,train,0
rcp_c1590adcee9df722,高亮清透,高亮清透_01,train,0
rcp_c17e61ec808aca58,胶片复古,胶片复古_04,train,0
rcp_c1808d1d89284faa,青橙复古,青橙复古_02,train,0
rcp_c1bd4880507c420a,胶片青橙,胶片青橙_04,train,0
rcp_c1cefe48d6801fce,青绿胶片,青绿胶片_01,train,0
rcp_c1ecc5ae972642b1,高饱和暖调,高饱和暖调_00,train,0
rcp_c1f1aab1e8e5ffd7,高亮复古,高亮复古_06,train,0
rcp_c1fead4a378edadc,复古青橙,复古青橙_03,train,0
rcp_c208dd5f56052c40,青橙胶片,青橙胶片_00,train,0
rcp_c211505eb47d6181,暖调高亮,暖调高亮_01,train,0
rcp_c2601ca073e41de5,暖调品红,暖调品红_01,train,0
rcp_c27ecf760c397e9d,撞色暖调,撞色暖调_06,train,0
rcp_c2cce95cfc375b60,高亮清透,高亮清透_01,train,0
rcp_c2d915cd0d1b1b9c,高亮冷调,高亮冷调_01,train,0
rcp_c2f2e1d6726b75da,暖调复古,暖调复古_01,train,0
rcp_c2fd3ecc0e60ce11,高饱和暖调,高饱和暖调_00,train,0
rcp_c319d0ea0da36c0f,压暗胶片,压暗胶片_02,train,0
rcp_c337c871197fb068,暖调品红,暖调品红_06,train,0
rcp_c348e67ef9df5bb2,低饱和复古,低饱和复古_03,train,0
rcp_c354c6ba878ab63c,撞色暖调,撞色暖调_06,train,0
rcp_c3588c04cb39514d,青橙胶片,青橙胶片_01,train,0
rcp_c36bdbfb76db28d1,暖调高亮,暖调高亮_00,train,0
rcp_c36eb959e613d923,低饱和复古,低饱和复古_03,train,0
rcp_c379ca1ddf673da8,青橙胶片,青橙胶片_01,train,0
rcp_c37f4905d4494999,胶片复古,胶片复古_04,train,0
rcp_c38dcac7093a1996,暖调品红,暖调品红_01,train,0
rcp_c3ba540182a05add,压暗胶片,压暗胶片_02,train,0
rcp_c3c3ae1c20db0f77,品红复古,品红复古_02,train,0
rcp_c3d1196a25c2503c,青橙胶片,青橙胶片_00,train,0
rcp_c3e6c2552483fc79,高亮冷调,高亮冷调_01,train,0
rcp_c3fe6d4b5a9afbbf,青橙暗调,青橙暗调_02,train,0
rcp_c40f7434f5cad709,高饱和暖调,高饱和暖调_00,train,0
rcp_c4272732b2b65c8f,胶片复古,胶片复古_04,train,0
rcp_c44474ae4b92da53,青橙胶片,青橙胶片_01,train,0
rcp_c447499bd9df1870,胶片青橙,胶片青橙_04,train,0
rcp_c49cd7e8166f3262,冷调高亮,冷调高亮_04,val,0
rcp_c4b4c39ced358a81,品红复古,品红复古_02,train,0
rcp_c4b80af8c338080e,青橙胶片,青橙胶片_01,train,0
rcp_c4c19d8771e48b90,高亮复古,高亮复古_05,train,0
rcp_c4c228798ddcbeab,青橙胶片,青橙胶片_01,train,0
rcp_c4d54c822cbe1fac,品红复古,品红复古_02,train,0
rcp_c4dadb3991f73007,暖调胶片,暖调胶片_05,train,0
rcp_c4ddd6c40c11b51d,青橙暗调,青橙暗调_00,train,0
rcp_c54e1a2017cf6a23,胶片青橙,胶片青橙_04,train,0
rcp_c552d994ffbc6c7d,暖调高亮,暖调高亮_04,train,0
rcp_c55a0eb21e4e99b8,黑白全色相,黑白全色相_06,train,0
rcp_c57926513b82c78b,胶片青橙,胶片青橙_04,train,0
rcp_c57efc7c3d13fcdc,青橙低饱和,青橙低饱和_06,train,0
rcp_c5858083bfa3fc0e,胶片复古,胶片复古_04,train,0
rcp_c59f62064f46e6c9,青绿胶片,青绿胶片_01,train,0
rcp_c5cdb895a16fba9a,青橙胶片,青橙胶片_01,train,0
rcp_c5d70c31340622ca,青橙暗调,青橙暗调_06,train,0
rcp_c5da4d9a71b90319,青橙胶片,青橙胶片_01,train,0
rcp_c60ec42619ead4a8,复古胶片,复古胶片_03,train,0
rcp_c61677c52dbcaa99,青橙胶片,青橙胶片_01,train,0
rcp_c61d507fb0de0e74,高亮复古,高亮复古_06,train,0
rcp_c6271a7fd9fbacd5,暗调低饱和,暗调低饱和_06,train,0
rcp_c6347ca5bca601dd,高饱和暖调,高饱和暖调_00,train,0
rcp_c63ba7b8b0f2dae8,暖调高亮,暖调高亮_04,train,0
rcp_c64a314aee19c81e,压暗胶片,压暗胶片_02,train,0
rcp_c66c1b7c9fd7a2d3,高饱和暖调,高饱和暖调_00,train,0
rcp_c6af6d9f81743318,高亮暖调,高亮暖调_07,train,0
rcp_c6c210121a9645c7,青橙胶片,青橙胶片_01,train,0
rcp_c6d77b4e260c6641,青橙胶片,青橙胶片_01,train,0
rcp_c6df8c02e25bfa7a,胶片青橙,胶片青橙_04,train,0
rcp_c6dffb05286ea786,青橙胶片,青橙胶片_00,train,0
rcp_c6e73f774086ff3f,暖调胶片,暖调胶片_05,train,0
rcp_c6f4eb1fd5907421,青橙胶片,青橙胶片_01,train,0
rcp_c6fa3caf7b34cd73,青橙胶片,青橙胶片_00,train,0
rcp_c703fcc304843602,复古暖调,复古暖调_03,train,0
rcp_c70afebb9fdd15a1,胶片青绿,胶片青绿_00,train,0
rcp_c7269ce154040b31,暖调品红,暖调品红_01,train,0
rcp_c7331f723b063c90,冷调复古,冷调复古_03,train,0
rcp_c74c6a68816fef11,胶片青橙,胶片青橙_04,train,0
rcp_c75b8ffdc58412d6,青橙胶片,青橙胶片_01,train,0
rcp_c75bcbf80eb5e4a3,高亮复古,高亮复古_05,train,0
rcp_c77179a6f7a33d58,青橙复古,青橙复古_02,train,0
rcp_c79e9901176795c4,低饱和冷调,低饱和冷调_01,train,0
rcp_c79fcf86a2e63f25,低饱和复古,低饱和复古_03,train,0
rcp_c7bd53334c1d268d,高亮暖调,高亮暖调_07,train,0
rcp_c7cb8ae8b0aecadc,青橙胶片,青橙胶片_00,train,0
rcp_c7e532c9881da420,暖调复古,暖调复古_01,train,0
rcp_c8141b8b407a69ba,高亮复古,高亮复古_06,train,0
rcp_c823edd011984b09,高亮复古,高亮复古_06,train,0
rcp_c843c48e837ad000,胶片青橙,胶片青橙_04,train,0
rcp_c843d965a6198101,高亮清透,高亮清透_01,train,0
rcp_c86692b799bd6197,青橙胶片,青橙胶片_00,train,0
rcp_c86a8b167dd96393,青橙胶片,青橙胶片_01,train,0
rcp_c87342023a4fb950,胶片复古,胶片复古_00,train,0
rcp_c873c25d766665bb,高亮暖调,高亮暖调_02,train,0
rcp_c87b6272be4beb15,胶片复古,胶片复古_04,train,0
rcp_c89f65951b8e06ef,青橙胶片,青橙胶片_03,train,0
rcp_c8a99e35ed4b4ea1,青橙胶片,青橙胶片_01,train,0
rcp_c8b176aad225649b,青橙胶片,青橙胶片_05,train,0
rcp_c8e5aacd3d86ba82,高亮清透,高亮清透_01,train,0
rcp_c901bf6a90620808,胶片青橙,胶片青橙_04,train,0
rcp_c9060f8f35690228,高亮清透,高亮清透_01,train,0
rcp_c90d67e4a6f6868e,青橙胶片,青橙胶片_05,train,0
rcp_c92f9374f04cec3c,高饱和暖调,高饱和暖调_00,train,0
rcp_c9597cc29b9d560b,胶片复古,胶片复古_04,train,0
rcp_c96ae187e98058a5,高亮清透,高亮清透_01,train,0
rcp_c970697b05885d4c,品红复古,品红复古_02,train,0
rcp_c9762560ed5a2b03,青橙胶片,青橙胶片_00,train,0
rcp_c9c35620d2e18f25,黑白全色相,黑白全色相_06,train,0
rcp_c9c5f9e516c5d496,暖调品红,暖调品红_01,train,0
rcp_c9d7de6e6f7bbf39,青橙胶片,青橙胶片_00,train,0
rcp_c9d8abee231775ae,高亮冷调,高亮冷调_04,train,0
rcp_c9ec2c8869b99013,复古暖调,复古暖调_00,train,0
rcp_c9f49a85daf99378,胶片复古,胶片复古_00,train,0
rcp_ca16ad8d1116b18f,低饱和复古,低饱和复古_03,train,0
rcp_ca61f30553138a7d,复古暖调,复古暖调_00,train,0
rcp_ca6833154e62508a,复古暖调,复古暖调_08,train,0
rcp_ca6c6e783d5a2b81,复古暖调,复古暖调_00,train,0
rcp_ca7779023a341d4e,青橙复古,青橙复古_02,train,0
rcp_ca84e81b2a141ab0,冷调复古,冷调复古_03,train,0
rcp_ca858cc248af49bf,高亮冷调,高亮冷调_01,train,0
rcp_ca8c24609f6d6c9f,品红复古,品红复古_02,train,0
rcp_ca915adaf7d0c896,胶片青绿,胶片青绿_00,train,0
rcp_ca916d3d8995599a,青橙胶片,青橙胶片_01,train,0
rcp_ca95480cdc08656b,青橙胶片,青橙胶片_01,train,0
rcp_ca9bf9a88cf7ddd2,低饱和复古,低饱和复古_03,train,0
rcp_ca9e79c75aeeb60f,胶片青橙,胶片青橙_04,train,0
rcp_caa7e65554b6cd7f,暖调胶片,暖调胶片_05,train,0
rcp_cacb2a2e0003d6db,高亮冷调,高亮冷调_01,train,0
rcp_cad104067d3f3da1,高亮清透,高亮清透_01,train,0
rcp_caefbad9694ffbd8,高亮暖调,高亮暖调_02,train,0
rcp_cb15108b404928a6,青橙复古,青橙复古_02,train,0
rcp_cb28d78e09de31f1,品红复古,品红复古_02,train,0
rcp_cb4dd5ed87541693,暖调复古,暖调复古_01,train,0
rcp_cb71dbb9eb11fee3,胶片复古,胶片复古_00,train,0
rcp_cb741031214cdd0e,暖调高亮,暖调高亮_03,train,0
rcp_cb826e2e0406d7d1,暖调高亮,暖调高亮_04,train,0
rcp_cb8a2dddd6c522a5,青橙胶片,青橙胶片_01,train,0
rcp_cb9061da03ee52b0,青橙复古,青橙复古_02,train,0
rcp_cbafe181e0143cc3,青橙胶片,青橙胶片_00,train,0
rcp_cbb05caec1095bfa,高亮清透,高亮清透_01,train,0
rcp_cbb18e3bd832a7a1,青橙胶片,青橙胶片_00,train,0
rcp_cbcbe939e2a7fff7,品红复古,品红复古_02,train,0
rcp_cbdc84f99a971fd1,暖调品红,暖调品红_01,train,0
rcp_cbe5c5aecfa9b733,青橙胶片,青橙胶片_00,train,0
rcp_cbfa4c64c64e2051,高亮冷调,高亮冷调_01,train,0
rcp_cc070ea0e352b8eb,暖调高亮,暖调高亮_04,train,0
rcp_cc58a684b9db3bd5,暖调胶片,暖调胶片_05,train,0
rcp_cc5a06061eceed8d,黑白全色相,黑白全色相_00,train,0
rcp_cc85903d5c04b57f,高饱和暖调,高饱和暖调_00,train,0
rcp_ccbe1ceceddd2131,暖调复古,暖调复古_01,train,0
rcp_ccc72a7b9b3d167a,暖调复古,暖调复古_01,train,0
rcp_cd0782c9b352dba2,复古胶片,复古胶片_03,train,0
rcp_cd086d0fd4ae34d6,青橙胶片,青橙胶片_00,train,0
rcp_cd0e93feec02d01d,胶片青绿,胶片青绿_00,train,0
rcp_cd2348c0511b49bb,青橙胶片,青橙胶片_01,train,0
rcp_cd2ce21a39c6479b,暖调品红,暖调品红_05,train,0
rcp_cd3e7a895a001ee4,胶片青橙,胶片青橙_04,train,0
rcp_cd5618a72a2b024a,复古暖调,复古暖调_00,train,0
rcp_cd58e56a6db6f4e3,复古胶片,复古胶片_03,train,0
rcp_cd6e5531996333a2,暖调复古,暖调复古_00,train,0
rcp_cd73e35e4df513ae,青橙胶片,青橙胶片_01,train,0
rcp_cd808e373030ae02,撞色暖调,撞色暖调_06,train,0
rcp_cdba951c23c8a5c5,暖调高亮,暖调高亮_07,train,0
rcp_cdbbe1994a978bd8,高亮青绿,高亮青绿_04,train,0
rcp_cdd39f8fdb140ba5,胶片青橙,胶片青橙_04,train,0
rcp_cdd4b530d27be606,低饱和复古,低饱和复古_03,train,0
rcp_cddaefc7d892a5c6,暖调复古,暖调复古_01,train,0
rcp_cdebbba839c2252c,青橙暗调,青橙暗调_08,train,0
rcp_cdffcbc3704c1a1c,高亮清透,高亮清透_01,train,0
rcp_ce01d2097dd5f1af,青橙胶片,青橙胶片_00,train,0
rcp_ce039688c79f74b1,复古暖调,复古暖调_03,train,0
rcp_ce0791dc35ba77f4,青橙胶片,青橙胶片_01,train,0
rcp_ce0ac0e9d22ab205,低饱和复古,低饱和复古_03,train,0
rcp_ce0cc27bf5f0bcd1,青橙胶片,青橙胶片_01,train,0
rcp_ce49c8204007d7f7,黑白全色相,黑白全色相_00,train,0
rcp_ce5a25c2f7baf074,青绿高亮,青绿高亮_02,train,0
rcp_ce5b09bdde1aa4fb,青橙胶片,青橙胶片_00,train,0
rcp_ce6851f9f9c51697,压暗胶片,压暗胶片_02,train,0
rcp_ce6fb992cd1771ea,高亮暖调,高亮暖调_02,train,0
rcp_ce6fe8730a034dee,全色相黑白,全色相黑白_03,train,0
rcp_ce80d35a31727629,胶片复古,胶片复古_04,train,0
rcp_ce8f0413d25892ea,高亮暖调,高亮暖调_02,train,0
rcp_ce960fc650653c06,高亮暖调,高亮暖调_09,train,0
rcp_ceafac423ffc4a77,青绿高亮,青绿高亮_02,train,0
rcp_cec069f18ffdf0c0,青橙胶片,青橙胶片_00,train,0
rcp_cec92ff073578402,暖调高亮,暖调高亮_05,train,0
rcp_cedf993d0f89f642,胶片青橙,胶片青橙_04,train,0
rcp_cf5f9bfe1ef78276,压暗胶片,压暗胶片_02,train,0
rcp_cf737af9753cddab,高亮冷调,高亮冷调_01,train,0
rcp_cf7431dee0773c19,黑白全色相,黑白全色相_00,train,0
rcp_cfc6f0cad6c89e75,青橙胶片,青橙胶片_00,train,0
rcp_cfe3c52d6a5b3518,青橙复古,青橙复古_02,train,0
rcp_cff35c0095214b43,胶片复古,胶片复古_00,train,0
rcp_cffd7cd2a2505793,暖调高亮,暖调高亮_04,train,0
rcp_d00b6247ae7ec15b,复古暖调,复古暖调_03,train,0
rcp_d00dc336a75768f0,高亮暖调,高亮暖调_10,train,0
rcp_d02aae123a2986b3,胶片青绿,胶片青绿_00,train,0
rcp_d03500f57a182c2e,青橙胶片,青橙胶片_01,train,0
rcp_d04349fc5ef5cac3,高饱和暖调,高饱和暖调_00,train,0
rcp_d04bb144d6df92e3,青橙胶片,青橙胶片_05,train,0
rcp_d05250d250e8c766,复古暖调,复古暖调_03,train,0
rcp_d069ec4f330eed60,青橙胶片,青橙胶片_00,train,0
rcp_d06b341df25e3404,暖调复古,暖调复古_00,train,0
rcp_d0896116f773359d,青橙复古,青橙复古_05,train,0
rcp_d0981e9dae447d92,胶片青橙,胶片青橙_04,train,0
rcp_d09932b09934dde4,青橙胶片,青橙胶片_00,train,0
rcp_d09bd07735d26e40,高亮清透,高亮清透_01,train,0
rcp_d0d73c58028338e0,品红复古,品红复古_02,train,0
rcp_d0d7dec1267a3fa2,胶片复古,胶片复古_04,train,0
rcp_d0f686c1f7ad449b,高亮清透,高亮清透_01,train,0
rcp_d1184aff07efdf45,胶片复古,胶片复古_00,train,0
rcp_d12323c081a26d8a,复古暖调,复古暖调_03,train,0
rcp_d137a0d6d4b8752c,青橙胶片,青橙胶片_01,train,0
rcp_d1399eb6473da2d6,黑白全色相,黑白全色相_01,train,0
rcp_d13b005129ec897b,青橙复古,青橙复古_02,train,0
rcp_d13f1ac2a0b2290e,高亮暖调,高亮暖调_02,train,0
rcp_d13ff5dd3fb2cfd5,低饱和复古,低饱和复古_03,train,0
rcp_d149f76beea5444d,压暗胶片,压暗胶片_02,train,0
rcp_d1509f318c6c41ea,高亮冷调,高亮冷调_01,train,0
rcp_d1557a1451d191a0,复古暖调,复古暖调_03,val,0
rcp_d18aff593613abe4,高亮暖调,高亮暖调_02,train,0
rcp_d1a7322468d71812,撞色暖调,撞色暖调_06,train,0
rcp_d1d168c7db54694c,暖调高亮,暖调高亮_01,train,0
rcp_d1ecf6c63137880f,青橙胶片,青橙胶片_01,train,0
rcp_d1ee5ec9f0d513e1,高亮青橙,高亮青橙_07,train,0
rcp_d1fbbd1686bc03c2,青橙复古,青橙复古_07,val,0
rcp_d200857a1004554c,青橙胶片,青橙胶片_01,train,0
rcp_d221f9f227708874,暖调复古,暖调复古_01,train,0
rcp_d2229c67deb226c2,高亮清透,高亮清透_01,train,0
rcp_d23de5f6278a960d,复古暖调,复古暖调_08,train,0
rcp_d25a4fbb4261afee,青橙复古,青橙复古_02,train,0
rcp_d270a703b11f3513,胶片青橙,胶片青橙_04,train,0
rcp_d2769ffd3b99819a,复古暖调,复古暖调_00,train,0
rcp_d27813a8441d197f,青橙复古,青橙复古_02,train,0
rcp_d2785d71ab0e74f6,高饱和暖调,高饱和暖调_00,train,0
rcp_d27e4ea7a7e71975,暖调胶片,暖调胶片_05,train,0
rcp_d2a74171fbaaa89f,复古暖调,复古暖调_03,val,0
rcp_d2c0654e0c67645f,青绿胶片,青绿胶片_01,train,0
rcp_d2d6d2d7d639a5c9,压暗胶片,压暗胶片_02,train,0
rcp_d2e8ca4273cece7b,青橙胶片,青橙胶片_00,train,0
rcp_d2fc64588c8796ac,青橙胶片,青橙胶片_01,train,0
rcp_d303ee0391f28cad,高亮复古,高亮复古_09,train,0
rcp_d30dd44ded803932,黑白全色相,黑白全色相_00,train,0
rcp_d31230b06f4f921c,胶片青橙,胶片青橙_04,train,0
rcp_d31f671856f4297a,青橙暗调,青橙暗调_08,val,0
rcp_d32863e57567e178,撞色暖调,撞色暖调_06,train,0
rcp_d38486e69ec4126c,暖调高亮,暖调高亮_04,train,0
rcp_d396b344dfa0ef1d,冷调复古,冷调复古_03,train,0
rcp_d3b17ba9dbe52e85,胶片复古,胶片复古_04,train,0
rcp_d3cd0f3dc032147b,高亮冷调,高亮冷调_01,train,0
rcp_d3cef50d188ae6c4,青橙暗调,青橙暗调_06,train,0
rcp_d3e8501148039f92,青橙胶片,青橙胶片_00,train,0
rcp_d3ef4f94deba079d,压暗胶片,压暗胶片_02,train,0
rcp_d43d0284d257792a,品红复古,品红复古_02,train,0
rcp_d457134b9afcc81d,高亮复古,高亮复古_05,train,0
rcp_d47a3efe721e8a24,胶片复古,胶片复古_04,train,0
rcp_d47af83556657e74,暖调复古,暖调复古_01,train,0
rcp_d49be2c242a07c5f,高亮暖调,高亮暖调_09,train,0
rcp_d4b77229d9bfb461,暖调复古,暖调复古_00,val,0
rcp_d4c2aef6772dd207,暖调胶片,暖调胶片_05,train,0
rcp_d4de155b0b236ec7,暖调高亮,暖调高亮_00,train,0
rcp_d4ed534762f632ec,低饱和冷调,低饱和冷调_01,train,0
rcp_d4f178afd87cc28f,高饱和暖调,高饱和暖调_06,train,0
rcp_d4fe08d15f0fae54,低饱和复古,低饱和复古_03,train,0
rcp_d527154252fd0ac3,复古暖调,复古暖调_03,val,0
rcp_d52e1e390929a408,暖调高亮,暖调高亮_00,train,0
rcp_d553800d5e738ebb,胶片青橙,胶片青橙_04,train,0
rcp_d5627c54e34e019f,暖调胶片,暖调胶片_05,train,0
rcp_d5a2ab3b521a03fe,黑白去色,黑白去色_02,train,0
rcp_d5be309de8698cba,高饱和暖调,高饱和暖调_00,train,0
rcp_d5c9f4ec755cd170,暖调复古,暖调复古_02,train,0
rcp_d5dc0f6c9a2e49c7,胶片青橙,胶片青橙_04,train,0
rcp_d5f1e40ce4c50778,高亮暖调,高亮暖调_02,train,0
rcp_d600c98e663b1930,胶片青绿,胶片青绿_00,train,0
rcp_d6081cbaec1cd561,青橙复古,青橙复古_02,train,0
rcp_d61e95cb0e719432,高亮青绿,高亮青绿_04,train,0
rcp_d62aa10db8bc3bfb,青橙复古,青橙复古_02,train,0
rcp_d682329ffba40283,压暗胶片,压暗胶片_02,train,0
rcp_d687717b9b3d6c88,撞色暖调,撞色暖调_06,train,0
rcp_d68797735ef79270,暖调胶片,暖调胶片_05,train,0
rcp_d68f7f36c57a3b45,暖调复古,暖调复古_01,train,0
rcp_d6acc032df6bcace,青橙复古,青橙复古_05,train,0
rcp_d6cc535008fef15b,胶片青橙,胶片青橙_04,train,0
rcp_d6cc9f80c9c707fc,胶片青橙,胶片青橙_04,train,0
rcp_d6e1fe6a060eb7f7,青橙胶片,青橙胶片_00,train,0
rcp_d6f01cdbd13d65a9,胶片青绿,胶片青绿_00,train,0
rcp_d7016ba47c646494,黑白全色相,黑白全色相_00,train,0
rcp_d70f85c3616e1555,青橙胶片,青橙胶片_00,train,0
rcp_d719cb9cce227414,压暗胶片,压暗胶片_02,train,0
rcp_d71dc56147d0cc1e,青橙高亮,青橙高亮_08,train,0
rcp_d7434d81dac55cea,复古暖调,复古暖调_08,train,0
rcp_d74acda0ce93125f,复古暖调,复古暖调_00,train,0
rcp_d74ffb6c994cc327,暖调复古,暖调复古_01,train,0
rcp_d75c2ee6138925b9,黑白全色相,黑白全色相_01,train,0
rcp_d7636e763c224daf,青橙胶片,青橙胶片_00,train,0
rcp_d76b073bcb3df6ea,青橙低饱和,青橙低饱和_06,train,0
rcp_d779f54d4e106334,高饱和暖调,高饱和暖调_00,train,0
rcp_d78a6cd8e002499a,撞色暖调,撞色暖调_06,train,0
rcp_d7af4c2f57b04ba5,胶片青橙,胶片青橙_04,train,0
rcp_d7af9b3d43dd6b07,高亮清透,高亮清透_01,train,0
rcp_d7c4596b0b37a5f7,青绿胶片,青绿胶片_01,train,0
rcp_d7de7ff079e9099d,高亮清透,高亮清透_01,train,0
rcp_d7e853757b93bb11,青橙胶片,青橙胶片_00,train,0
rcp_d7e97b9186e3c9c6,压暗胶片,压暗胶片_02,train,0
rcp_d7ff4369a8a7a9ab,青橙胶片,青橙胶片_00,train,0
rcp_d809235511b9f823,青橙复古,青橙复古_02,train,0
rcp_d821c64131ff3a18,高亮暖调,高亮暖调_02,train,0
rcp_d826576e47a72344,胶片复古,胶片复古_04,train,0
rcp_d83b5221dbf4e89f,胶片青橙,胶片青橙_04,train,0
rcp_d84ac7ade3845459,青绿高亮,青绿高亮_02,train,0
rcp_d84de97f33507608,高亮暖调,高亮暖调_02,train,0
rcp_d85dc270b53f71f9,胶片青绿,胶片青绿_00,train,0
rcp_d871e6d2d946da78,青橙胶片,青橙胶片_01,train,0
rcp_d87c164ca3a8e058,复古胶片,复古胶片_03,train,0
rcp_d87e9ca0fee62993,低饱和复古,低饱和复古_03,train,0
rcp_d88d41e84be80f00,复古胶片,复古胶片_03,train,0
rcp_d8a93455a5be29e5,暖调复古,暖调复古_01,train,0
rcp_d8b1f3ca89622f6f,高饱和暖调,高饱和暖调_00,train,0
rcp_d8bff96e4d759172,青橙胶片,青橙胶片_00,train,0
rcp_d8c8d47edc1e6dca,青橙胶片,青橙胶片_00,train,0
rcp_d8cf27dfe6bfc41f,低饱和复古,低饱和复古_03,train,0
rcp_d8e92ecfd6ce52bf,高亮清透,高亮清透_01,train,0
rcp_d8e9a43aa2a6465b,低饱和复古,低饱和复古_03,train,0
rcp_d8eadb192569b105,高亮清透,高亮清透_01,train,0
rcp_d90f9c5a468bc82e,低饱和复古,低饱和复古_03,train,0
rcp_d930a1071898024a,胶片青橙,胶片青橙_04,train,0
rcp_d939685a1749725f,高饱和暖调,高饱和暖调_00,train,0
rcp_d9493ab40c1f1a23,撞色暖调,撞色暖调_06,train,0
rcp_d96fa4eb7ac72b4f,高亮复古,高亮复古_06,val,0
rcp_d971f7e2711fb989,低饱和复古,低饱和复古_03,train,0
rcp_d979274a0b28449b,暖调胶片,暖调胶片_05,train,0
rcp_d98a25c3a3e7831b,胶片青橙,胶片青橙_04,train,0
rcp_d98de43415531cf4,高饱和暖调,高饱和暖调_00,train,0
rcp_d9b3f88bcc0793c4,高亮清透,高亮清透_01,train,0
rcp_d9d4b5a89164f270,全色相黑白,全色相黑白_03,train,0
rcp_d9e3ffb855d71f67,胶片复古,胶片复古_04,train,0
rcp_d9e443cd16a3e0d5,胶片去色,胶片去色_05,train,0
rcp_d9ed9575ead4e0d0,胶片青橙,胶片青橙_04,train,0
rcp_d9fca4c70979e47a,青橙胶片,青橙胶片_00,train,0
rcp_da147958fd1852f0,低饱和复古,低饱和复古_03,train,0
rcp_da441517298b4508,暖调高亮,暖调高亮_04,train,0
rcp_da4c99ad41a0068c,青橙复古,青橙复古_05,train,0
rcp_da763fc4f71b1208,高亮清透,高亮清透_01,train,0
rcp_daace5cf0b968e47,胶片复古,胶片复古_00,train,0
rcp_dac6100de4a95d0e,高饱和暖调,高饱和暖调_00,train,0
rcp_dacb97c70f448204,黑白全色相,黑白全色相_01,train,0
rcp_dae777e48342bb1a,青橙复古,青橙复古_02,train,0
rcp_db17e77a3c4d73fe,高亮青绿,高亮青绿_04,train,0
rcp_db379079e103f9b7,黑白全色相,黑白全色相_00,val,0
rcp_db3c3b133a54253f,暖调高亮,暖调高亮_05,train,0
rcp_db48452d7d1599bb,压暗胶片,压暗胶片_02,val,0
rcp_db8e667b57360412,高亮清透,高亮清透_01,train,0
rcp_dba0f08a64c32ef3,高亮清透,高亮清透_01,train,0
rcp_dbac144aded3c615,胶片复古,胶片复古_04,train,0
rcp_dbce0c21caf107d2,暗调低饱和,暗调低饱和_06,train,0
rcp_dbce7b6e8591c1e8,低饱和复古,低饱和复古_03,train,0
rcp_dbd7c4c9357bb117,高饱和暖调,高饱和暖调_00,train,0
rcp_dbdad8ba7a85d55a,青橙胶片,青橙胶片_05,train,0
rcp_dbf71d426d7aa88a,高饱和暖调,高饱和暖调_00,train,0
rcp_dc070e86a0baf7b3,高亮冷调,高亮冷调_01,train,0
rcp_dc0cb2201cb6f55c,暖调品红,暖调品红_01,train,0
rcp_dc13fd2e8dc6239c,青橙胶片,青橙胶片_03,train,0
rcp_dc20dedb47e1009d,青橙胶片,青橙胶片_01,train,0
rcp_dc3f007ba2db81ec,青橙低饱和,青橙低饱和_06,train,0
rcp_dc4622194531c3de,暖调品红,暖调品红_01,train,0
rcp_dce186a904f51d3b,青绿高亮,青绿高亮_02,train,0
rcp_dcea5cebeb6672f9,暖调高亮,暖调高亮_04,train,0
rcp_dcea87a45c28732f,冷调复古,冷调复古_03,train,0
rcp_dced6a09a98e6ebf,暖调胶片,暖调胶片_05,train,0
rcp_dd05eac9ad580b1a,胶片复古,胶片复古_04,train,0
rcp_dd0d54e26ac31f14,胶片复古,胶片复古_00,train,0
rcp_dd14ea84336bd70c,暖调复古,暖调复古_01,train,0
rcp_dd31f918175158a8,青橙胶片,青橙胶片_00,train,0
rcp_dd366c84f06b664a,高饱和暖调,高饱和暖调_00,train,0
rcp_dd3dc78833acceac,青橙暗调,青橙暗调_02,train,0
rcp_dd4250a75293eaa4,暖调复古,暖调复古_01,val,0
rcp_dd4914de25823add,高亮暖调,高亮暖调_09,train,0
rcp_dd5294fdac7e0db5,暖调胶片,暖调胶片_05,train,0
rcp_dd65e3f032554a5c,低饱和复古,低饱和复古_03,train,0
rcp_dd6cff04a921f69d,胶片青橙,胶片青橙_04,train,0
rcp_dd7d5fb756df1f30,青橙胶片,青橙胶片_01,train,0
rcp_dd81d5b25e200d5b,暖调品红,暖调品红_06,train,0
rcp_dd84538533da8fb3,胶片复古,胶片复古_04,train,0
rcp_dd8a32e5ae16f6dd,青橙胶片,青橙胶片_00,train,0
rcp_dd908377057bbd7e,青橙胶片,青橙胶片_00,train,0
rcp_dd9537ab543f5c3b,青橙胶片,青橙胶片_01,train,0
rcp_dd9ad6528493d265,暖调品红,暖调品红_06,train,0
rcp_ddbb5b55f8bf5374,高亮清透,高亮清透_01,train,0
rcp_ddbccaefa6114e62,胶片青绿,胶片青绿_00,train,0
rcp_dddf2a1753502afc,青绿胶片,青绿胶片_01,train,0
rcp_dddf63a484dd32b8,青橙胶片,青橙胶片_00,train,0
rcp_dde74fff64e8fa81,暖调复古,暖调复古_02,train,0
rcp_ddfd33513dbca544,胶片青绿,胶片青绿_00,train,0
rcp_de29a82876dfc7a9,胶片青橙,胶片青橙_04,train,0
rcp_de4b097f8bfe0cc1,冷调青绿,冷调青绿_00,train,0
rcp_de5893c37aa7f800,暖调高亮,暖调高亮_04,train,0
rcp_de5d0d981ca617ab,青橙暗调,青橙暗调_06,train,0
rcp_de5f2f4781a820d4,青橙胶片,青橙胶片_03,train,0
rcp_de632e5312c5f130,黑白全色相,黑白全色相_01,val,0
rcp_de8117c45f7b01bd,胶片复古,胶片复古_04,train,0
rcp_deac8d1761a8e313,青橙胶片,青橙胶片_00,train,0
rcp_debd17d3d0d84aa2,青橙胶片,青橙胶片_00,train,0
rcp_dec51e751146cb80,复古胶片,复古胶片_03,train,0
rcp_dec958aa96fba9da,高饱和暖调,高饱和暖调_00,train,0
rcp_dee5414ff41ec7b3,压暗胶片,压暗胶片_02,val,0
rcp_def1d2debe990182,青橙胶片,青橙胶片_01,train,0
rcp_defa0140f3482f55,青绿胶片,青绿胶片_01,train,0
rcp_df7af17ca11920a5,暖调复古,暖调复古_02,train,0
rcp_df8bf4455a836794,胶片复古,胶片复古_04,train,0
rcp_df9f32805c8a680b,高亮暖调,高亮暖调_10,val,0
rcp_dfa8c529d2586832,暖调复古,暖调复古_02,train,0
rcp_dfc7928def3b4931,胶片青橙,胶片青橙_04,train,0
rcp_dfc7bab3c6179a49,青橙胶片,青橙胶片_00,train,0
rcp_dfe143585dd041a8,青橙胶片,青橙胶片_00,train,0
rcp_dfec0559234295f8,青橙胶片,青橙胶片_01,train,0
rcp_dff3439c24e1a989,高亮复古,高亮复古_05,train,0
rcp_dff36e84f9b66dce,高亮暖调,高亮暖调_02,train,0
rcp_dffc572fcea708a2,青橙暖调,青橙暖调_08,train,0
rcp_e00a17dbebb2bd42,青橙复古,青橙复古_02,val,0
rcp_e00bcb9dbf780152,高亮冷调,高亮冷调_01,train,0
rcp_e019b991c6ecc20c,复古胶片,复古胶片_03,train,0
rcp_e04a5fcf0d99a732,胶片青橙,胶片青橙_04,train,0
rcp_e04ab6c93b6db2c3,黑白全色相,黑白全色相_00,val,0
rcp_e05a6f3266b85e35,青橙暗调,青橙暗调_00,train,0
rcp_e0659e59bda202f6,复古胶片,复古胶片_03,train,0
rcp_e076f7dd94d22416,品红复古,品红复古_02,val,0
rcp_e07f19f055d34091,胶片复古,胶片复古_04,train,0
rcp_e0941213e2913f98,青橙胶片,青橙胶片_00,train,0
rcp_e094da9e62dbbbc0,胶片青橙,胶片青橙_04,train,0
rcp_e0baf348e8988f49,暖调高亮,暖调高亮_04,train,0
rcp_e0cefdaf8c75a860,低饱和冷调,低饱和冷调_01,train,0
rcp_e0d75dc6a217b096,青橙胶片,青橙胶片_01,train,0
rcp_e0d9f075059826d0,胶片青橙,胶片青橙_04,train,0
rcp_e0eac5bca8d33af1,青绿胶片,青绿胶片_01,val,0
rcp_e0f1cb6e8d7292dc,青橙胶片,青橙胶片_01,train,0
rcp_e100010950b99ce0,低饱和复古,低饱和复古_03,train,0
rcp_e10fd2635180dabf,胶片青橙,胶片青橙_04,train,0
rcp_e1237474613380cf,暖调复古,暖调复古_01,val,0
rcp_e141b6a493cbb5c6,高亮暖调,高亮暖调_02,train,0
rcp_e143e027299d4185,青橙胶片,青橙胶片_00,train,0
rcp_e15104cbfb24708c,胶片青橙,胶片青橙_04,train,0
rcp_e162584af2511c89,高亮暖调,高亮暖调_02,train,0
rcp_e18626576c61439b,冷调复古,冷调复古_03,train,0
rcp_e18b67680f6563a0,压暗胶片,压暗胶片_02,val,0
rcp_e1a037ae42c68fd2,青橙胶片,青橙胶片_01,train,0
rcp_e1dc20b23c8478dc,高饱和暖调,高饱和暖调_00,train,0
rcp_e1f6c098ce92ceb0,青橙复古,青橙复古_02,val,0
rcp_e1fcff16c0dda1b1,青橙胶片,青橙胶片_00,train,0
rcp_e1ff95db6e33f10c,高饱和暖调,高饱和暖调_00,train,0
rcp_e21e998e23208490,高亮复古,高亮复古_05,train,0
rcp_e243f9dd180bd700,青橙胶片,青橙胶片_00,train,0
rcp_e244cdff9e647c69,青橙胶片,青橙胶片_00,train,0
rcp_e248fcd97e775bbd,青橙复古,青橙复古_05,train,0
rcp_e25b861b5191dc83,低饱和复古,低饱和复古_03,train,0
rcp_e27eafe042d97f22,冷调青绿,冷调青绿_00,train,0
rcp_e2a5a8377240c28b,胶片青橙,胶片青橙_04,train,0
rcp_e2aebaa5c30e8d11,胶片复古,胶片复古_04,train,0
rcp_e2af26ac959f8189,高亮冷调,高亮冷调_01,val,0
rcp_e2d9795aaf37a57d,青橙胶片,青橙胶片_00,train,0
rcp_e2def80d72b9e3a3,青橙胶片,青橙胶片_00,train,0
rcp_e322f057a7f4643a,胶片复古,胶片复古_04,train,0
rcp_e334944a6a78f792,青橙胶片,青橙胶片_01,train,0
rcp_e338250f8e02f637,高亮清透,高亮清透_01,train,0
rcp_e33e0c972dc8e532,黑白全色相,黑白全色相_01,val,0
rcp_e353be51df7dd345,胶片青橙,胶片青橙_04,train,0
rcp_e358a0dde96aa09c,暖调复古,暖调复古_02,train,0
rcp_e358bf1a897dcf8a,低饱和复古,低饱和复古_03,train,0
rcp_e3a724491ce90302,青橙胶片,青橙胶片_05,val,0
rcp_e3abd9b97bc615e8,冷调复古,冷调复古_03,train,0
rcp_e3ba5197b73bb910,胶片复古,胶片复古_00,train,0
rcp_e3c9121dfbc67aa7,青橙胶片,青橙胶片_01,train,0
rcp_e3e40989ca818165,青橙胶片,青橙胶片_00,train,0
rcp_e3e4488a66142c88,高饱和暖调,高饱和暖调_00,train,0
rcp_e3e901a06cfc646b,青橙暗调,青橙暗调_00,train,0
rcp_e3eb79205bd8754d,青橙胶片,青橙胶片_01,train,0
rcp_e3f7136a1fa3b903,青橙胶片,青橙胶片_01,train,0
rcp_e42dd042efa2016b,暖调复古,暖调复古_01,val,0
rcp_e440d456a86490d4,复古胶片,复古胶片_03,train,0
rcp_e442aacc32c2180b,高亮复古,高亮复古_05,train,0
rcp_e47e5045ca67931a,冷调青绿,冷调青绿_00,val,0
rcp_e489c4d3c2c39422,高饱和暖调,高饱和暖调_00,train,0
rcp_e4948af8dcfb28c9,青绿高亮,青绿高亮_02,train,0
rcp_e4afb43bcd0fb897,青橙复古,青橙复古_02,val,0
rcp_e4cc7cfda7c13d2f,胶片复古,胶片复古_04,train,0
rcp_e4de257279ba3866,高亮清透,高亮清透_01,train,0
rcp_e4e65ef081e24463,青橙暗调,青橙暗调_00,train,0
rcp_e4f8c3e55908ec4f,暖调胶片,暖调胶片_05,val,0
rcp_e5009fcfcccac0b0,青橙胶片,青橙胶片_01,train,0
rcp_e5046139f2584212,黑白去色,黑白去色_02,train,0
rcp_e506681003d11719,复古暖调,复古暖调_00,train,0
rcp_e50c61ebffabf058,胶片青绿,胶片青绿_00,val,0
rcp_e518a004ce3fab40,青绿胶片,青绿胶片_01,val,0
rcp_e51966c47d0b2a31,暖调复古,暖调复古_01,val,0
rcp_e51a25eb60d7a11e,暖调品红,暖调品红_01,train,0
rcp_e52d66e024faa5cc,复古暖调,复古暖调_03,test,0
rcp_e555d068c172f2b4,青橙胶片,青橙胶片_00,train,0
rcp_e565bcd8afd98b04,青橙胶片,青橙胶片_01,train,0
rcp_e5684a40d518503e,暖调复古,暖调复古_02,train,0
rcp_e5877645b030317d,高亮复古,高亮复古_06,val,0
rcp_e58d3a7a3359dccc,胶片复古,胶片复古_04,train,0
rcp_e59fba016596cd99,青橙胶片,青橙胶片_01,train,0
rcp_e5adaf694698db9e,低饱和复古,低饱和复古_03,train,0
rcp_e5bf4d5ce56825a2,胶片青橙,胶片青橙_04,train,0
rcp_e5c1aa4247b694a5,青绿胶片,青绿胶片_01,val,0
rcp_e5c255ac7dea945b,暖调高亮,暖调高亮_04,train,0
rcp_e5ee628d7e2b1cbd,高亮复古,高亮复古_05,train,0
rcp_e5ff83b3d0d9b130,低饱和复古,低饱和复古_03,train,0
rcp_e60b6e58765f8954,复古暖调,复古暖调_00,train,0
rcp_e63b694abc817a3a,黑白全色相,黑白全色相_01,val,0
rcp_e63b7f50ec85e183,暖调高亮,暖调高亮_04,train,0
rcp_e64f00d90a62b5d4,低饱和复古,低饱和复古_03,train,0
rcp_e6507b9ce6685e32,青橙暗调,青橙暗调_06,train,0
rcp_e6731af353d8f414,复古胶片,复古胶片_03,train,0
rcp_e67aa1b76a47c141,暖调胶片,暖调胶片_05,val,0
rcp_e68faf8b46f5eb4c,高亮复古,高亮复古_05,train,0
rcp_e6a12167713b5a8b,低饱和复古,低饱和复古_03,train,0
rcp_e6c5d3cd43cc8312,复古胶片,复古胶片_03,train,0
rcp_e6c68f07ecdaf578,青橙复古,青橙复古_07,test,0
rcp_e6ee9daf18bd1a8b,胶片青橙,胶片青橙_04,train,0
rcp_e711e72bfb042703,高亮复古,高亮复古_05,train,0
rcp_e71caf1a1704f7f7,胶片青橙,胶片青橙_04,val,0
rcp_e72ab2bfc95245de,高亮暖调,高亮暖调_02,train,0
rcp_e73b8ae7674ec804,高饱和暖调,高饱和暖调_00,train,0
rcp_e76a48a91a94cbc3,暖调高亮,暖调高亮_04,train,0
rcp_e76e6505ec61e2c6,暖调胶片,暖调胶片_05,val,0
rcp_e773168921b54013,胶片复古,胶片复古_00,val,0
rcp_e7861b39228d1eea,暖调高亮,暖调高亮_04,train,0
rcp_e7a343991e527599,复古胶片,复古胶片_03,train,0
rcp_e7b9f080169ae858,青橙胶片,青橙胶片_00,train,0
rcp_e7c494725a8c1c25,暖调复古,暖调复古_02,train,0
rcp_e7d9c14e1bb66f88,高饱和暖调,高饱和暖调_00,val,0
rcp_e7e855597009e47e,青橙胶片,青橙胶片_05,val,0
rcp_e83342c42d28023f,撞色暖调,撞色暖调_06,train,0
rcp_e854d935a33d0251,青橙胶片,青橙胶片_01,train,0
rcp_e85a5603d0101f58,胶片复古,胶片复古_04,train,0
rcp_e872b2ae4d4baedd,胶片青橙,胶片青橙_04,val,0
rcp_e87c8d01871317fd,青橙胶片,青橙胶片_01,train,0
rcp_e8abcf3e64bd83a0,高亮青橙,高亮青橙_07,train,0
rcp_e8b994bbb29ffe36,高亮冷调,高亮冷调_02,train,0
rcp_e8cc59d18e8a0993,青橙胶片,青橙胶片_01,train,0
rcp_e8cce1338ae06241,青橙胶片,青橙胶片_00,val,0
rcp_e8d84a33cfa27b43,暖调品红,暖调品红_06,train,0
rcp_e8ebe3d2279b2789,青橙胶片,青橙胶片_00,val,0
rcp_e9142dfb1e4f36ad,胶片青橙,胶片青橙_04,val,0
rcp_e93201e70d87ea91,暖调复古,暖调复古_01,val,0
rcp_e941b612c19483f9,品红复古,品红复古_02,val,0
rcp_e945db259b939fa7,胶片青橙,胶片青橙_04,val,0
rcp_e970a7dd4ad55bff,高饱和暖调,高饱和暖调_00,val,0
rcp_e980cf863668aa01,高亮冷调,高亮冷调_01,val,0
rcp_e9902965b6c037cc,胶片复古,胶片复古_04,train,0
rcp_e99361cd58addde5,青橙胶片,青橙胶片_00,val,0
rcp_e99dbb9d9a9e2e7d,低饱和复古,低饱和复古_03,val,0
rcp_e9a00cab3b9d3d79,暖调品红,暖调品红_06,val,0
rcp_e9b458436530ab82,暖调复古,暖调复古_00,val,0
rcp_e9ca3c573e2e0762,青橙胶片,青橙胶片_01,train,0
rcp_e9cd202965aff515,胶片青橙,胶片青橙_04,val,0
rcp_e9e801c206086cda,复古胶片,复古胶片_03,train,0
rcp_ea079c785bba1069,青橙胶片,青橙胶片_00,val,0
rcp_ea5357545b5cd384,胶片复古,胶片复古_04,train,0
rcp_ea57e42e24670a92,青橙胶片,青橙胶片_01,train,0
rcp_ea6690dc8394bbd0,暖调复古,暖调复古_01,test,0
rcp_ea6f213215e326eb,青橙复古,青橙复古_05,train,0
rcp_ea9301ecf313798c,胶片青橙,胶片青橙_04,val,0
rcp_eabd894781a190f5,高亮青绿,高亮青绿_04,train,0
rcp_eac92915d43432ac,暖调高亮,暖调高亮_01,train,0
rcp_eaca501113cb1879,高亮暖调,高亮暖调_09,train,0
rcp_eace6f7bc9dac325,青橙胶片,青橙胶片_00,val,0
rcp_eadd94a9b3a25677,高亮冷调,高亮冷调_01,val,0
rcp_eafa5951cf282f2a,压暗胶片,压暗胶片_02,val,0
rcp_eb140916ad91ea88,暖调品红,暖调品红_06,val,0
rcp_eb177143daceee9a,青橙复古,青橙复古_02,val,0
rcp_eb177844f24839c3,暖调胶片,暖调胶片_05,val,0
rcp_eb1d3c734505177f,暖调胶片,暖调胶片_05,val,0
rcp_eb45cb615fab79a0,青橙胶片,青橙胶片_01,train,0
rcp_eb51c85a06f535a0,胶片青橙,胶片青橙_04,val,0
rcp_eb67c2bc0d0defb0,青橙胶片,青橙胶片_01,val,0
rcp_eb90766de887ef75,低饱和复古,低饱和复古_03,val,0
rcp_eb972acd0521aebe,复古胶片,复古胶片_03,train,0
rcp_eb974aa7fa332b11,暖调品红,暖调品红_06,test,0
rcp_eba356af6e84739d,高亮青绿,高亮青绿_04,val,0
rcp_ebb0da9bc5d3f05e,复古暖调,复古暖调_08,train,0
rcp_ebb46e8289d250a1,黑白全色相,黑白全色相_01,test,0
rcp_ebba5d8610552d6a,青橙胶片,青橙胶片_05,test,0
rcp_ebc09ca2b0ebb58f,低饱和复古,低饱和复古_03,val,0
rcp_ebc3783e1e61f6d1,暖调胶片,暖调胶片_05,test,0
rcp_ebfbe3f49fb918c6,胶片青橙,胶片青橙_04,val,0
rcp_ec05d21d721898df,高亮清透,高亮清透_01,train,0
rcp_ec1c361cccf9adbd,胶片青绿,胶片青绿_00,val,0
rcp_ec59a85ac445a28d,青橙胶片,青橙胶片_01,val,0
rcp_ec5b8c31a903765b,青橙胶片,青橙胶片_01,val,0
rcp_ec5d35b89023c0e0,撞色暖调,撞色暖调_06,val,0
rcp_ec71905409e7e28e,高亮复古,高亮复古_06,test,0
rcp_ec8125f0814a8a94,胶片复古,胶片复古_04,train,0
rcp_ec836de92973b2e7,高亮清透,高亮清透_01,train,0
rcp_ec9f005adb6c3b8c,青橙胶片,青橙胶片_00,val,0
rcp_ecb8f45853ba5213,青橙胶片,青橙胶片_00,val,0
rcp_ecc947e2f710d9ad,青橙胶片,青橙胶片_05,test,0
rcp_ecd1945229d241f4,高亮冷调,高亮冷调_04,train,0
rcp_eceae7d7db4b7337,高饱和暖调,高饱和暖调_00,val,0
rcp_ecf56853a6388861,高饱和冷调,高饱和冷调_04,train,0
rcp_ecf901870c816dbe,青橙暗调,青橙暗调_08,test,0
rcp_ed0da61f4b992f3f,黑白全色相,黑白全色相_00,test,0
rcp_ed1d9bd36f33ed99,暖调高亮,暖调高亮_03,train,0
rcp_ed29d47cd5c2f41c,青橙胶片,青橙胶片_00,val,0
rcp_ed2bc0b28b341993,暖调复古,暖调复古_00,test,0
rcp_ed31b16d43b19403,高亮复古,高亮复古_05,val,0
rcp_ed397de01391983f,青橙胶片,青橙胶片_01,val,0
rcp_ed3e752b4891a473,青橙胶片,青橙胶片_00,val,0
rcp_ed5d52336a61002c,冷调高亮,冷调高亮_04,test,0
rcp_ed65f0661facda45,青橙暗调,青橙暗调_00,val,0
rcp_ed70fb33ffc06421,胶片复古,胶片复古_04,train,0
rcp_ed7d0b4df215563b,胶片复古,胶片复古_04,val,0
rcp_ed7da3c2c7da5442,黑白全色相,黑白全色相_01,test,0
rcp_ed8d54b16b2ae904,胶片青橙,胶片青橙_04,val,0
rcp_ed94073b58d38162,高饱和暖调,高饱和暖调_00,val,0
rcp_eda9e02fca4390d0,胶片复古,胶片复古_04,val,0
rcp_edb67a7b545327cb,高饱和暖调,高饱和暖调_00,val,0
rcp_edbe82dc063df230,压暗胶片,压暗胶片_02,val,0
rcp_edc7cfcdd1a0660b,冷调青绿,冷调青绿_00,test,0
rcp_ee27cc2d6e0ab1d4,压暗胶片,压暗胶片_02,val,0
rcp_ee30aff7159f46af,胶片复古,胶片复古_04,val,0
rcp_ee395a05376d8ce1,黑白去色,黑白去色_02,val,0
rcp_ee5a13f93f9f1467,胶片青橙,胶片青橙_04,test,0
rcp_ee61c2d6942e35b6,暖调复古,暖调复古_02,val,0
rcp_ee6c7691d3775cfd,高亮清透,高亮清透_01,val,0
rcp_ee8ebd341b41daf0,胶片青绿,胶片青绿_00,val,0
rcp_ee9261253e36402c,撞色暖调,撞色暖调_06,val,0
rcp_ee934e626a6c4c93,冷调复古,冷调复古_03,val,0
rcp_eeb1fef64a65cfee,暖调品红,暖调品红_01,train,0
rcp_eece946188ba4087,复古胶片,复古胶片_03,train,0
rcp_eed3eaeb0c86fcd0,高亮暖调,高亮暖调_02,train,0
rcp_eedf33fe7319c228,高亮冷调,高亮冷调_02,train,0
rcp_eedffaa2677f4ee6,青绿高亮,青绿高亮_02,train,0
rcp_ef0df8ae46f19268,胶片青橙,胶片青橙_04,test,0
rcp_ef24ac40293d42e7,压暗胶片,压暗胶片_02,test,0
rcp_ef27074a726dd11c,高亮复古,高亮复古_05,val,0
rcp_ef2f9c0bd82fae08,胶片复古,胶片复古_04,val,0
rcp_ef39734b549e100d,复古暖调,复古暖调_00,val,0
rcp_ef4f2d38ca9fd97e,高亮复古,高亮复古_05,val,0
rcp_ef52705fb500d24a,胶片复古,胶片复古_04,val,0
rcp_ef915607975666af,高亮清透,高亮清透_01,val,0
rcp_ef928f168a2f628b,复古青橙,复古青橙_03,train,0
rcp_efb7073f97cbd5e5,暖调高亮,暖调高亮_04,val,0
rcp_efb9f664de2d3a59,低饱和复古,低饱和复古_03,val,0
rcp_efca6cd18efdc1d4,青橙胶片,青橙胶片_01,val,0
rcp_efdfdd74a72d7b58,黑白全色相,黑白全色相_07,train,0
rcp_eff52178712a0a16,青橙胶片,青橙胶片_01,val,0
rcp_effe69260d7d1f36,低饱和复古,低饱和复古_03,val,0
rcp_f0003307a3b257dd,高亮清透,高亮清透_01,val,0
rcp_f0066b06781a71ac,青橙复古,青橙复古_02,val,0
rcp_f01ec8af9e619c05,高亮清透,高亮清透_01,val,0
rcp_f055e11d86005564,高亮复古,高亮复古_05,test,0
rcp_f0731d09ccb59d83,青橙胶片,青橙胶片_01,val,0
rcp_f07b0eb9235d516a,复古胶片,复古胶片_03,val,0
rcp_f080e9e03ef6847d,青橙胶片,青橙胶片_01,val,0
rcp_f0858f68b690c953,青橙胶片,青橙胶片_01,val,0
rcp_f0a59159e2260ce9,高亮青橙,高亮青橙_07,val,0
rcp_f0ce50e3a8fe4ade,青橙胶片,青橙胶片_01,val,0
rcp_f0dc43b4a50d782e,暖调高亮,暖调高亮_07,train,0
rcp_f0ddd4aa6cafd200,暖调高亮,暖调高亮_00,val,0
rcp_f0ebace3208be2bb,高亮冷调,高亮冷调_03,train,0
rcp_f114ee0800f05b9b,高亮清透,高亮清透_01,val,0
rcp_f11c6aa20e47d30a,高亮暖调,高亮暖调_02,val,0
rcp_f12834b5c770c72f,青绿胶片,青绿胶片_01,test,0
rcp_f13447d29f6d6eb7,青橙胶片,青橙胶片_00,val,0
rcp_f1470a6f8ba2b7ef,低饱和复古,低饱和复古_03,val,0
rcp_f1a1749218562b14,青橙胶片,青橙胶片_00,val,0
rcp_f1a2a9263a8f7c1f,高亮清透,高亮清透_01,val,0
rcp_f1a5c7ec86604bb8,高饱和暖调,高饱和暖调_00,val,0
rcp_f20581e5e26d87c2,青橙胶片,青橙胶片_00,val,0
rcp_f20ed45029432970,高饱和暖调,高饱和暖调_00,val,0
rcp_f217fd8001cedd02,青橙复古,青橙复古_05,val,0
rcp_f22e26ea3727cf4c,低饱和复古,低饱和复古_03,val,0
rcp_f239ee5519a163ef,压暗胶片,压暗胶片_02,test,0
rcp_f25c423b3244f93f,高亮冷调,高亮冷调_03,train,0
rcp_f25d1d28b82639f4,青橙低饱和,青橙低饱和_06,val,0
rcp_f29e3cea955885c3,胶片复古,胶片复古_04,val,0
rcp_f2a2b1e4caffbb37,低饱和复古,低饱和复古_03,val,0
rcp_f2b0e8184628bb36,青橙胶片,青橙胶片_00,val,0
rcp_f2b78c129708ae4f,高亮清透,高亮清透_01,val,0
rcp_f2c8ddb426eabbd2,青橙暗调,青橙暗调_06,val,0
rcp_f2df0856a144646b,暖调高亮,暖调高亮_03,train,0
rcp_f2e0cdac942f1ac2,暖调复古,暖调复古_01,test,0
rcp_f2ffe91c79ee55eb,低饱和复古,低饱和复古_03,val,0
rcp_f31144e7be5baa72,胶片复古,胶片复古_00,val,0
rcp_f31967cca5c31cbd,青橙胶片,青橙胶片_00,val,0
rcp_f32c841f1817aa6d,青橙胶片,青橙胶片_01,val,0
rcp_f32e74c2c6a533d3,低饱和复古,低饱和复古_03,val,0
rcp_f33436582a3a1719,暖调复古,暖调复古_02,val,0
rcp_f353eaa48cd0cfb3,复古暖调,复古暖调_00,val,0
rcp_f35c61994cc0b15d,复古胶片,复古胶片_03,val,0
rcp_f35d7355f1a12116,青橙暗调,青橙暗调_02,val,0
rcp_f375bd7e2cf3db55,胶片青橙,胶片青橙_04,test,0
rcp_f3bf86f619c0aab8,复古胶片,复古胶片_03,val,0
rcp_f3d3fad8f812c7db,青绿胶片,青绿胶片_01,test,0
rcp_f3e6309805168876,青橙胶片,青橙胶片_00,val,0
rcp_f3e70970c5fa435a,暖调高亮,暖调高亮_00,test,0
rcp_f3fdbc58eec9952b,低饱和复古,低饱和复古_03,test,0
rcp_f414534289068658,复古暖调,复古暖调_00,test,0
rcp_f415eeeabdd5e8e2,高饱和暖调,高饱和暖调_00,val,0
rcp_f4199380ada58e67,胶片青橙,胶片青橙_04,test,0
rcp_f421770ccd021653,青橙胶片,青橙胶片_00,val,0
rcp_f42953a04e7e379b,压暗胶片,压暗胶片_02,test,0
rcp_f43041de09ab1229,黑白全色相,黑白全色相_01,test,0
rcp_f433acde4ac4aa5c,高饱和暖调,高饱和暖调_00,test,0
rcp_f43db33db0e729ec,青橙复古,青橙复古_05,val,0
rcp_f461e1742298158b,复古暖调,复古暖调_08,train,0
rcp_f4633a3024b6135a,复古暖调,复古暖调_00,test,0
rcp_f47112227e2668df,青绿高亮,青绿高亮_02,val,0
rcp_f483fa867e952676,青橙胶片,青橙胶片_01,val,0
rcp_f48401cc83f6fd3e,复古胶片,复古胶片_03,val,0
rcp_f487f40bf3f986f2,胶片复古,胶片复古_04,val,0
rcp_f49d08c9653f4f4e,暖调复古,暖调复古_02,test,0
rcp_f4a1604b44608505,暖调高亮,暖调高亮_03,train,0
rcp_f4c345f6a1e23461,高亮青绿,高亮青绿_04,test,0
rcp_f4d007fe8503cc8d,低饱和冷调,低饱和冷调_01,val,0
rcp_f4e908cd231769d4,复古胶片,复古胶片_03,test,0
rcp_f537db4f3d2f990f,胶片复古,胶片复古_04,val,0
rcp_f53a89079c13d3f9,暖调复古,暖调复古_01,test,0
rcp_f53d7040b04edefd,暖调高亮,暖调高亮_04,val,0
rcp_f54eae96eeccb3d4,撞色暖调,撞色暖调_06,val,0
rcp_f55446f37f4e4b7b,高亮暖调,高亮暖调_09,val,0
rcp_f562674b76717840,冷调复古,冷调复古_03,val,0
rcp_f56703eae5b4b864,高亮复古,高亮复古_05,test,0
rcp_f56920ef3eeba8ae,撞色暖调,撞色暖调_06,test,0
rcp_f572b0cec5b63a44,青橙复古,青橙复古_02,val,0
rcp_f57b5a9a31ed0487,青橙胶片,青橙胶片_01,val,0
rcp_f59722bdea9f7533,青橙胶片,青橙胶片_00,val,0
rcp_f598e26b09b25def,高亮清透,高亮清透_01,test,0
rcp_f59c9d13e4e54901,青绿高亮,青绿高亮_02,val,0
rcp_f59d89ea7a2bcd7b,高饱和暖调,高饱和暖调_00,test,0
rcp_f5be8efdc6045244,青橙胶片,青橙胶片_01,val,0
rcp_f5c1fc2667c7a5e2,青橙胶片,青橙胶片_00,val,0
rcp_f5cbbb3579c76fe1,青橙胶片,青橙胶片_00,test,0
rcp_f5cfcc51cb351bc8,低饱和冷调,低饱和冷调_01,test,0
rcp_f5f065b1783629cb,压暗胶片,压暗胶片_02,test,0
rcp_f5f09c1f108bfe67,暖调胶片,暖调胶片_05,test,0
rcp_f5f79d22f08b7065,高饱和暖调,高饱和暖调_00,test,0
rcp_f6054051af999327,高亮暖调,高亮暖调_02,val,0
rcp_f63996b462b1252a,青橙胶片,青橙胶片_01,test,0
rcp_f644bba4187e74de,低饱和复古,低饱和复古_03,test,0
rcp_f650dcf46f90e1e4,暖调低饱和,暖调低饱和_08,train,0
rcp_f653aca607458919,胶片复古,胶片复古_04,test,0
rcp_f68a5b696760a873,青橙胶片,青橙胶片_03,train,0
rcp_f6b1e409e75096a2,暖调品红,暖调品红_06,test,0
rcp_f6b9acec66826ed7,低饱和复古,低饱和复古_03,test,0
rcp_f6c15ea587df7e30,暖调胶片,暖调胶片_05,test,0
rcp_f6c2666daa112e28,青橙复古,青橙复古_05,val,0
rcp_f6d928c39e890728,青橙胶片,青橙胶片_00,test,0
rcp_f6e2dbf41991238c,青橙胶片,青橙胶片_00,test,0
rcp_f6e836e6ca78582d,青橙胶片,青橙胶片_00,test,0
rcp_f6ec41fbc9301a7d,胶片复古,胶片复古_04,test,0
rcp_f6eeeac46545afab,复古暖调,复古暖调_08,train,0
rcp_f6f902cbaf384812,高亮暖调,高亮暖调_02,val,0
rcp_f71c203c3cb57ee4,复古暖调,复古暖调_08,val,0
rcp_f74cb96cf6a0f090,高饱和暖调,高饱和暖调_00,test,0
rcp_f763065bdd337077,复古暖调,复古暖调_08,test,0
rcp_f764c8a52f580bd6,青橙复古,青橙复古_05,test,0
rcp_f78b69394abce035,胶片青橙,胶片青橙_04,test,0
rcp_f790aade5e642677,低饱和复古,低饱和复古_03,test,0
rcp_f79ee3759a1e5557,暖调高亮,暖调高亮_05,train,0
rcp_f79fa4ef7526fb99,胶片青橙,胶片青橙_04,test,0
rcp_f7ae70fb0891dbec,品红复古,品红复古_02,test,0
rcp_f7be28b92d4aaac0,胶片复古,胶片复古_00,val,0
rcp_f7bf6f6f7aedc140,青橙胶片,青橙胶片_01,test,0
rcp_f7d5d2c25f72550c,复古胶片,复古胶片_03,test,0
rcp_f7e2308efcc71384,胶片复古,胶片复古_04,test,0
rcp_f7facb5794d75452,高亮暖调,高亮暖调_09,test,0
rcp_f80e8b7b63617e19,品红复古,品红复古_02,test,0
rcp_f8166c417f0b76d2,胶片青绿,胶片青绿_00,val,0
rcp_f852fe9223ba920e,青橙复古,青橙复古_02,test,0
rcp_f88b7e1ec4ac9548,高亮暖调,高亮暖调_10,test,0
rcp_f8920dd81d452ce6,胶片复古,胶片复古_00,test,0
rcp_f8ab09aa76074ece,暖调高亮,暖调高亮_04,val,0
rcp_f8c66f05baba749c,青橙复古,青橙复古_02,test,0
rcp_f8c9802243d950eb,青绿胶片,青绿胶片_01,test,0
rcp_f8d1ab2ccd9e71f5,复古胶片,复古胶片_03,test,0
rcp_f8e5a024139a5d6c,青橙胶片,青橙胶片_00,test,0
rcp_f8f07de3ae473fef,压暗胶片,压暗胶片_02,test,0
rcp_f90581157efa7dcd,撞色暖调,撞色暖调_06,test,0
rcp_f9077a0fb52d91b3,胶片青绿,胶片青绿_00,test,0
rcp_f91d76b6b40f6fcf,青橙暗调,青橙暗调_02,test,0
rcp_f925d533a6257eef,高饱和暖调,高饱和暖调_00,test,0
rcp_f92f420f47f6a390,高亮暖调,高亮暖调_02,val,0
rcp_f95833a84bcbf867,高亮暖调,高亮暖调_02,val,0
rcp_f98eb0269b3f33e9,高饱和暖调,高饱和暖调_00,test,0
rcp_f99efce747668ba8,高亮冷调,高亮冷调_01,test,0
rcp_f9b5634a89364e05,青橙复古,青橙复古_02,test,0
rcp_f9c1db59e7700a04,高亮暖调,高亮暖调_02,test,0
rcp_f9cac6aabe96e1bb,青橙暗调,青橙暗调_00,test,0
rcp_f9cbd5cc899e009b,压暗胶片,压暗胶片_02,test,0
rcp_f9ccf1a08d00b50c,复古暖调,复古暖调_03,test,0
rcp_f9e73f11f74393d6,高亮清透,高亮清透_01,test,0
rcp_f9f360a3c3d33e9c,青橙胶片,青橙胶片_01,test,0
rcp_f9f389b0f8248b85,高饱和暖调,高饱和暖调_00,test,0
rcp_fa0dc1cfc75980c0,黑白去色,黑白去色_02,test,0
rcp_fa1a3e9e50d5f0e6,胶片青绿,胶片青绿_00,test,0
rcp_fa28fa12ecb0ee4d,暗调低饱和,暗调低饱和_06,val,0
rcp_fa2f5fbf930a3fdc,青橙胶片,青橙胶片_01,test,0
rcp_fa32b2689eb24ac3,高亮清透,高亮清透_01,test,0
rcp_fa3e7719f1d8df76,低饱和复古,低饱和复古_03,test,0
rcp_fa4bc9aa83dc484d,低饱和复古,低饱和复古_03,test,0
rcp_fa5107d07e94f5a2,青橙胶片,青橙胶片_00,test,0
rcp_fa630f5cba9a67a9,胶片复古,胶片复古_00,test,0
rcp_fa71dcbea6167f76,高亮暖调,高亮暖调_02,test,0
rcp_fa89037969007d1f,青橙胶片,青橙胶片_01,test,0
rcp_fa93c13e02db7475,高亮暖调,高亮暖调_02,test,0
rcp_fa9fbab2aed53de6,青绿高亮,青绿高亮_02,test,0
rcp_faa3fbe7626fb063,高饱和暖调,高饱和暖调_00,test,0
rcp_faa526bf6ee6bdf4,胶片复古,胶片复古_04,test,0
rcp_faaf24e061a777f4,青橙胶片,青橙胶片_00,test,0
rcp_fab7980b7aaf8f47,青橙胶片,青橙胶片_00,test,0
rcp_fae5d648d6fd581e,暖调高亮,暖调高亮_04,test,0
rcp_fafc67651bf63954,青橙胶片,青橙胶片_03,train,0
rcp_fb0d9592ccf47703,青橙胶片,青橙胶片_01,test,0
rcp_fb18f2d7a3bd7b71,高亮青橙,高亮青橙_07,test,0
rcp_fb265b0b18c6a778,胶片青橙,胶片青橙_04,test,0
rcp_fb72b466b12c6055,青橙胶片,青橙胶片_01,test,0
rcp_fb780172c4efd6f8,低饱和复古,低饱和复古_03,test,0
rcp_fb84c6415c8d353c,青橙胶片,青橙胶片_01,test,0
rcp_fb8dcf3d26aa5e60,青橙胶片,青橙胶片_00,test,0
rcp_fb8ed8180c04f5a2,低饱和复古,低饱和复古_03,test,0
rcp_fbb00f069af0b7ca,冷调复古,冷调复古_03,test,0
rcp_fbc1ce82d55e22e3,暖调品红,暖调品红_01,val,0
rcp_fbc79f7fde91a5a9,胶片青橙,胶片青橙_04,test,0
rcp_fbf0c1af5cf47afe,冷调复古,冷调复古_03,test,0
rcp_fc0da604e92cd6c0,胶片复古,胶片复古_04,test,0
rcp_fc16e5b7211d5337,暖调复古,暖调复古_01,test,0
rcp_fc289236ed930f78,撞色暖调,撞色暖调_06,test,0
rcp_fc42e65675d297d8,青橙低饱和,青橙低饱和_06,test,0
rcp_fc434c948c498e65,胶片复古,胶片复古_00,test,0
rcp_fc43a1df4e8d1f3c,青橙胶片,青橙胶片_00,test,0
rcp_fc44f7184da089d3,青橙胶片,青橙胶片_00,test,0
rcp_fc5a8bc3fe2a5520,胶片复古,胶片复古_04,test,0
rcp_fc6f7f6155b635f3,暖调复古,暖调复古_01,test,0
rcp_fc7a13e641014fb3,青橙低饱和,青橙低饱和_05,train,0
rcp_fcb9c6669227501b,暖调复古,暖调复古_00,test,0
rcp_fcbd60fa52ff8db4,青橙复古,青橙复古_02,test,0
rcp_fce78bee56a96b1c,高亮暖调,高亮暖调_02,test,0
rcp_fcf5b1456f00e6f5,高亮清透,高亮清透_01,test,0
rcp_fd0b3206a81cc4d0,复古胶片,复古胶片_03,test,0
rcp_fd0c5ab616854330,青橙复古,青橙复古_02,test,0
rcp_fd15a048150ba4b5,青绿高亮,青绿高亮_02,test,0
rcp_fd17d752f5e22ec4,复古青橙,复古青橙_03,val,0
rcp_fd1dc89576e2fad3,黑白全色相,黑白全色相_00,test,0
rcp_fd24e636d1d46dc9,高亮暖调,高亮暖调_02,test,0
rcp_fd348f0e44fdfadd,青橙胶片,青橙胶片_00,test,0
rcp_fd38e24a39e670e3,高亮清透,高亮清透_01,test,0
rcp_fd39543eb45ea9fd,暗调低饱和,暗调低饱和_06,test,0
rcp_fd3e93c9660a1c17,暖调胶片,暖调胶片_05,test,0
rcp_fd519445200ccfbc,青橙胶片,青橙胶片_01,test,0
rcp_fd51b7c4fd3fb22f,暖调品红,暖调品红_01,test,0
rcp_fd5bd859e97649df,胶片青绿,胶片青绿_00,test,0
rcp_fd6ae9ff51a48bbc,胶片复古,胶片复古_04,test,0
rcp_fd898a4965f091be,青橙胶片,青橙胶片_00,test,0
rcp_fd8bce70f791d3b6,高亮冷调,高亮冷调_01,test,0
rcp_fd8c6c0719bc7835,高亮冷调,高亮冷调_01,test,0
rcp_fd90ea01491d7226,青橙胶片,青橙胶片_01,test,0
rcp_fdb8e630163bb915,青橙胶片,青橙胶片_01,test,0
rcp_fdbbee64d106af9f,青橙胶片,青橙胶片_00,test,0
rcp_fe2281977a053bde,低饱和复古,低饱和复古_03,test,0
rcp_fe2bd1e8a9e89a2b,高亮清透,高亮清透_01,test,0
rcp_fe42915cc3f5a74b,青橙复古,青橙复古_05,test,0
rcp_fe5bddfe3d93a84d,青橙胶片,青橙胶片_00,test,0
rcp_fe6ac33abca9875d,暖调胶片,暖调胶片_05,test,0
rcp_fe8e51a2691670ce,胶片青绿,胶片青绿_00,test,0
rcp_fe98f537794576cc,青橙胶片,青橙胶片_00,test,0
rcp_fe9f09ff39fce894,高亮复古,高亮复古_06,test,0
rcp_fea4d599cf210f37,青橙胶片,青橙胶片_01,test,0
rcp_ff0206a9f7004401,低饱和复古,低饱和复古_03,test,0
rcp_ff081b56852344aa,青橙胶片,青橙胶片_01,test,0
rcp_ff0de7eed434670b,高亮清透,高亮清透_01,test,0
rcp_ff304e0d89064b1e,高亮复古,高亮复古_05,test,0
rcp_ff3dd02117895a7d,青橙胶片,青橙胶片_00,test,0
rcp_ff5f2f70aae03342,暖调低饱和,暖调低饱和_08,train,0
rcp_ff77534b4cc2d192,青橙复古,青橙复古_05,test,0
rcp_ff7aa05613f433c4,暖调高亮,暖调高亮_04,test,0
rcp_ff8d5714cd9bf8b8,青橙暗调,青橙暗调_06,test,0
rcp_ff9135e67548b6fc,胶片复古,胶片复古_04,test,0
rcp_ffb3e435e6875ff3,复古暖调,复古暖调_03,test,0
rcp_ffc4a7877ff2ab4b,胶片青橙,胶片青橙_04,test,0
rcp_ffd2c5c68d22fd3f,青橙胶片,青橙胶片_00,test,0
rcp_ffd564d643abb08e,暖调高亮,暖调高亮_04,test,0
rcp_ffd747043b8b827b,青橙复古,青橙复古_02,test,0
rcp_ffdb46a9b6562f1f,暖调复古,暖调复古_02,test,0
rcp_fff5443f50560c68,复古青橙,复古青橙_03,test,0
rcp_fffec0f5fb0789f5,青橙胶片,青橙胶片_01,test,0
